-- phpMyAdmin SQL Dump
-- version 4.5.1
-- http://www.phpmyadmin.net
--
-- Host: 127.0.0.1
-- Czas generowania: 10 Lis 2016, 22:19
-- Wersja serwera: 10.1.16-MariaDB
-- Wersja PHP: 5.6.24

SET SQL_MODE = "NO_AUTO_VALUE_ON_ZERO";
SET time_zone = "+00:00";


/*!40101 SET @OLD_CHARACTER_SET_CLIENT=@@CHARACTER_SET_CLIENT */;
/*!40101 SET @OLD_CHARACTER_SET_RESULTS=@@CHARACTER_SET_RESULTS */;
/*!40101 SET @OLD_COLLATION_CONNECTION=@@COLLATION_CONNECTION */;
/*!40101 SET NAMES utf8mb4 */;

--
-- Baza danych: `notofit`
--

-- --------------------------------------------------------

--
-- Struktura tabeli dla tabeli `diet`
--

CREATE TABLE `diet` (
  `ID` int(4) NOT NULL,
  `UserID` int(4) NOT NULL,
  `name` varchar(30) COLLATE utf8_unicode_ci NOT NULL,
  `dailyReq` int(5) NOT NULL DEFAULT '0',
  `breakfastCount` int(1) UNSIGNED NOT NULL DEFAULT '0',
  `mainDishCount` int(1) UNSIGNED NOT NULL DEFAULT '0',
  `supperCount` int(1) UNSIGNED NOT NULL DEFAULT '0',
  `validFrom` date NOT NULL,
  `validTo` date NOT NULL
) ENGINE=InnoDB DEFAULT CHARSET=utf8 COLLATE=utf8_unicode_ci;

--
-- Zrzut danych tabeli `diet`
--

INSERT INTO `diet` (`ID`, `UserID`, `name`, `dailyReq`, `breakfastCount`, `mainDishCount`, `supperCount`, `validFrom`, `validTo`) VALUES
(93, 18, 'New Test Diet', 2306, 1, 1, 1, '2016-10-30', '2016-11-06'),
(94, 16, 'Date Test', 3120, 1, 1, 1, '2016-10-30', '2016-11-06'),
(95, 13, 'dietka', 3217, 1, 1, 1, '2016-10-30', '2016-11-06'),
(96, 24, 'dieta mack', 4970, 1, 1, 1, '2016-11-07', '2016-11-14'),
(97, 13, 'Dieta Piotrka', 3217, 1, 2, 1, '2016-11-10', '2016-11-20'),
(98, 16, 'My new example diet', 3120, 1, 1, 1, '2016-11-10', '2016-11-17'),
(99, 16, 'My new example dieteew', 3120, 1, 1, 1, '2016-11-10', '2016-11-17');

-- --------------------------------------------------------

--
-- Struktura tabeli dla tabeli `diet_meal`
--

CREATE TABLE `diet_meal` (
  `DietID` int(4) NOT NULL,
  `MealID` int(4) NOT NULL
) ENGINE=InnoDB DEFAULT CHARSET=utf8 COLLATE=utf8_unicode_ci;

--
-- Zrzut danych tabeli `diet_meal`
--

INSERT INTO `diet_meal` (`DietID`, `MealID`) VALUES
(93, 11492),
(93, 11519),
(93, 11531),
(93, 11547),
(93, 11559),
(93, 11572),
(93, 11591),
(93, 11608),
(93, 11621),
(93, 11624),
(93, 11626),
(93, 11628),
(93, 11634),
(93, 11640),
(93, 11674),
(93, 11846),
(93, 11978),
(93, 12012),
(93, 12136),
(93, 12152),
(93, 12269),
(94, 11450),
(94, 11488),
(94, 11750),
(94, 11759),
(94, 11780),
(94, 11782),
(94, 11821),
(94, 11839),
(94, 11844),
(94, 11891),
(94, 11937),
(94, 11939),
(94, 12004),
(94, 12029),
(94, 12057),
(94, 12165),
(94, 12167),
(94, 12197),
(94, 12205),
(94, 12231),
(94, 12233),
(95, 11742),
(95, 11744),
(95, 11766),
(95, 11767),
(95, 11773),
(95, 11812),
(95, 11814),
(95, 11821),
(95, 11823),
(95, 11844),
(95, 11850),
(95, 11939),
(95, 11970),
(95, 12010),
(95, 12016),
(95, 12064),
(95, 12086),
(95, 12164),
(95, 12168),
(95, 12202),
(95, 12205),
(96, 11471),
(96, 11864),
(96, 11881),
(96, 11903),
(96, 11914),
(96, 11918),
(96, 11922),
(96, 11923),
(96, 11929),
(96, 11930),
(96, 11957),
(96, 12032),
(96, 12034),
(96, 12035),
(96, 12036),
(96, 12037),
(96, 12040),
(96, 12042),
(96, 12047),
(96, 12185),
(96, 12260),
(97, 11455),
(97, 11544),
(97, 11568),
(97, 11602),
(97, 11608),
(97, 11618),
(97, 11620),
(97, 11625),
(97, 11628),
(97, 11629),
(97, 11633),
(97, 11668),
(97, 11674),
(97, 11696),
(97, 11728),
(97, 11787),
(97, 11791),
(97, 11793),
(97, 11795),
(97, 11800),
(97, 11802),
(97, 11803),
(97, 11822),
(97, 11849),
(97, 11853),
(97, 11933),
(97, 11990),
(97, 11996),
(97, 11998),
(97, 11999),
(97, 12001),
(97, 12026),
(97, 12123),
(97, 12124),
(97, 12125),
(97, 12130),
(97, 12146),
(97, 12158),
(97, 12159),
(97, 12170),
(98, 11442),
(98, 11451),
(98, 11737),
(98, 11738),
(98, 11746),
(98, 11751),
(98, 11752),
(98, 11758),
(98, 11823),
(98, 11827),
(98, 11842),
(98, 11851),
(98, 11858),
(98, 12011),
(98, 12072),
(98, 12090),
(98, 12165),
(98, 12167),
(98, 12168),
(98, 12225),
(98, 12229),
(99, 11541),
(99, 11549),
(99, 11550),
(99, 11611),
(99, 11721),
(99, 11729),
(99, 11752),
(99, 11767),
(99, 11789),
(99, 11809),
(99, 11818),
(99, 11830),
(99, 11850),
(99, 11891),
(99, 12030),
(99, 12072),
(99, 12166),
(99, 12201),
(99, 12228),
(99, 12240),
(99, 12241);

-- --------------------------------------------------------

--
-- Struktura tabeli dla tabeli `exercise`
--

CREATE TABLE `exercise` (
  `ID` int(4) NOT NULL,
  `name` varchar(80) COLLATE utf8_unicode_ci NOT NULL,
  `description` varchar(255) COLLATE utf8_unicode_ci DEFAULT NULL,
  `objective` char(1) COLLATE utf8_unicode_ci NOT NULL COMMENT 'One char:\r\n''m'' stands for mass gain\r\n''r'' stands for reduction\r\n''p'' stands for power\r\n \r\n ',
  `requiresEquipment` tinyint(1) NOT NULL DEFAULT '0',
  `difficultyLevel` int(1) DEFAULT NULL COMMENT 'Scale from 1 (easy) to 3 (hard).'
) ENGINE=InnoDB DEFAULT CHARSET=utf8 COLLATE=utf8_unicode_ci;

--
-- Zrzut danych tabeli `exercise`
--

INSERT INTO `exercise` (`ID`, `name`, `description`, `objective`, `requiresEquipment`, `difficultyLevel`) VALUES
(1, 'Podciąganie na drążku', 'Ćwiczący łapie drążek szerokim chwytem (nachwyt), po czym podciąga swoje ciało aż klatka piersiowa dotknie drążka.', 'm', 1, 3),
(2, 'Pompki', 'Zwykłe pompki.', 'r', 0, 1),
(3, 'Brzuszki', 'Ćwiczący leży na plecach z ugiętymi kolanami, po czym stara się podciągnąć swój tułów tak, by dotknąć głową kolan.', 'r', 0, 1),
(4, 'Bieganie', 'Biegasz szybko jak potrfisz i cieszysz się, że się męczysz.', 'r', 0, 1),
(7, 'Wyciskanie pionowe sztangi', 'Dość trudne ćwiczenie, leżysz i wyciskasz sztangę.', 'm', 1, 2),
(8, 'Rower', 'Rowerowanie\n', 'r', 1, 1),
(9, 'Unoszenie nóg w zwisie do drążka', 'Bardzo trudne ćwiczenie na brzuch', 'r', 1, 3),
(10, 'Uginanie ramion ze sztangielkami', 'Uginanie przedramion, dobre na biceps', 'm', 1, 2),
(11, 'Rozpiętki ze sztangielkami na ławce poziomej', 'Trudne ćwiczenia na klatkę piersiową', 'r', 1, 3),
(12, 'Przysiady bez sztangi', '', 'r', 0, 1),
(13, 'Przysiady ze sztangą', 'Idealne na posladki', 'm', 1, 2),
(14, 'Spacer z psem', 'Prosty spacerek\n', 'r', 1, 1),
(15, 'UsyTasy', 'Śpiewasz usytasy przez 10 godzin dziennie', 'r', 0, 3),
(16, 'Pajacyki', '', 'r', 0, 1),
(17, 'Hula-Hop', '', 'r', 1, 2),
(18, 'Podskoki', 'Szybkie podskoki', 'r', 0, 1),
(19, 'Skrętoskłony', '', 'r', 0, 2);

-- --------------------------------------------------------

--
-- Struktura tabeli dla tabeli `meal`
--

CREATE TABLE `meal` (
  `ID` int(4) NOT NULL,
  `name` varchar(80) CHARACTER SET utf8 COLLATE utf8_unicode_ci NOT NULL,
  `objective` char(1) CHARACTER SET utf8 COLLATE utf8_unicode_ci NOT NULL COMMENT 'One char:\r\n''m'' stands for mass gain\r\n''r'' stands for reduction\r\n''p'' stands for power\r\n \r\n \r\n ',
  `type` char(1) CHARACTER SET utf8 COLLATE utf8_unicode_ci NOT NULL DEFAULT 'm' COMMENT 'One char: ''b'' stands for breakfast, ''m'' stands for main dish, 					''s'' stands for supper',
  `grammage` int(4) NOT NULL,
  `carbohydratesPercentage` int(2) NOT NULL,
  `proteinPercentage` int(2) NOT NULL,
  `fatPercentage` int(2) NOT NULL
) ENGINE=InnoDB DEFAULT CHARSET=utf8 COLLATE=utf8_polish_ci;

--
-- Zrzut danych tabeli `meal`
--

INSERT INTO `meal` (`ID`, `name`, `objective`, `type`, `grammage`, `carbohydratesPercentage`, `proteinPercentage`, `fatPercentage`) VALUES
(11441, 'Mleko spożywcze 3,2% tłuszczu', 'm', 'b', 188, 22, 46, 32),
(11442, 'Mleko spożywcze 2% tłuszczu', 'm', 's', 189, 27, 34, 39),
(11443, 'Mleko spożywcze 1,5 % tłuszczu', 'm', 's', 189, 29, 28, 43),
(11444, 'Mleko spożywcze 0,5 % tłuszczu', 'r', 'b', 190, 36, 11, 53),
(11445, 'Mleko kobiece', 'm', 's', 187, 7, 53, 40),
(11446, 'Mleko kozie', 'r', 'm', 187, 19, 54, 27),
(11447, 'Mleko owcze', 'm', 's', 180, 23, 58, 19),
(11448, 'Mleko w proszku odtłuszczone', 'm', 's', 104, 40, 2, 58),
(11449, 'Mleko w proszku pełne', 'm', 'b', 104, 23, 44, 33),
(11450, 'Mleko zagęszczone niesłodzone', 'r', 's', 175, 20, 51, 29),
(11451, 'Mleko zagęszczone słodzone', 'm', 'm', 127, 9, 22, 69),
(11452, 'Mleko UHT 3,2% tłuszczu', 'r', 's', 188, 22, 46, 32),
(11453, 'Mleko UHT 1,5% tłuszczu', 'r', 'b', 189, 29, 28, 43),
(11455, 'Śmietanka kremowa 30% tłuszczu', 'r', 'm', 164, 3, 93, 4),
(11456, 'Śmietana 18% tłuszczu', 'm', 'm', 175, 6, 86, 8),
(11457, 'Śmietana 12% tłuszczu', 'r', 'b', 180, 8, 80, 12),
(11458, 'Śmietanka do kawy 9% tłuszczu', 'r', 'm', 183, 11, 74, 15),
(11459, 'Jogurt naturalny 2% tłuszczu', 'm', 'b', 186, 29, 29, 42),
(11460, 'Jogurt bananowy 1,5% tłuszczu', 'm', 's', 183, 22, 19, 59),
(11461, 'Jogurt jagodowy 1,5% tłuszczu', 'r', 'm', 185, 24, 21, 55),
(11462, 'Jogurt morelowy 1,5% tłuszczu', 'm', 'b', 185, 24, 21, 55),
(11463, 'Jogurt truskawkowy 1,5% tłuszczu', 'm', 'b', 185, 25, 22, 53),
(11464, 'Jogurt wiśniowy 1,5% tłuszczu', 'm', 's', 185, 24, 22, 54),
(11465, 'Kefir 2% tłuszczu', 'r', 'b', 189, 27, 35, 38),
(11466, 'Maślanka spożywcza 0,5 % tłuszczu', 'r', 's', 190, 37, 12, 51),
(11467, 'Napój mleczny jogurtowy', 'r', 's', 181, 20, 20, 60),
(11468, 'Napój mleczny kakaowy', 'm', 's', 181, 17, 23, 60),
(11469, 'Napój mleczny serwatkowo-śmietankowy', 'm', 'b', 184, 5, 26, 69),
(11470, 'Napój mleczny śmietankowy', 'r', 'm', 184, 23, 7, 70),
(11471, 'Serwatka płynna', 'm', 's', 193, 13, 4, 83),
(11472, 'Ser, Brie pełnotłusty', 'r', 'b', 149, 24, 76, 0),
(11473, 'Ser, Camembert pełnotłusty', 'm', 'm', 152, 30, 70, 0),
(11474, 'Ser, Cheddar pełnotłusty', 'm', 's', 137, 28, 72, 0),
(11475, 'Ser, Edamski tłusty', 'm', 'm', 142, 34, 66, 0),
(11476, 'Ser, Ementaler pełnotłusty', 'm', 'b', 134, 31, 69, 0),
(11477, 'Ser, Gouda tłusty', 'm', 's', 140, 36, 64, 0),
(11478, 'Ser, Myśliwski pełnotłusty', 'm', 'b', 137, 30, 70, 0),
(11479, 'Ser, Myśliwski tłusty', 'm', 's', 136, 35, 65, 0),
(11480, 'Ser, Parmezan', 'r', 'm', 119, 37, 63, 0),
(11481, 'Ser, Rokpol pełnotłusty', 'm', 'b', 141, 25, 75, 0),
(11482, 'Ser, Salami pełnotłusty', 'r', 's', 139, 29, 71, 0),
(11483, 'Ser, Trapistów pełnotłusty', 'm', 'm', 136, 26, 74, 0),
(11484, 'Ser, Trapistów tłusty', 'm', 'm', 136, 32, 68, 0),
(11485, 'Ser, Tylżycki pełnotłusty', 'r', 'm', 138, 30, 70, 0),
(11486, 'Ser, Tylżycki tłusty', 'm', 'm', 139, 34, 66, 0),
(11487, 'Deser twarogowy termizowany kakaowy', 'm', 's', 168, 36, 35, 29),
(11488, 'Deser twarogowy termizowany truskawkowy', 'm', 'm', 164, 26, 30, 44),
(11489, 'Ser twarogowy chudy', 'm', 's', 175, 81, 5, 14),
(11490, 'Ser twarogowy półtłusty', 'm', 'm', 172, 58, 31, 11),
(11491, 'Ser twarogowy tłusty', 'r', 's', 167, 41, 51, 8),
(11492, '"Ser typu ""Feta"""', 'm', 'b', 160, 32, 66, 2),
(11493, 'Serek termizowany pieczarkowy', 'r', 'm', 174, 57, 31, 12),
(11494, 'Serek twarogowy homogenizowany  pełnotłusty', 'm', 's', 172, 32, 60, 8),
(11495, 'Serek twarogowy homogenizowany truskawkowy', 'm', 's', 162, 37, 21, 42),
(11496, 'Serek twarogowy homogenizowany waniliowy', 'r', 'm', 165, 43, 23, 34),
(11497, 'Serek twarogowy ziarnisty', 'r', 'b', 179, 49, 38, 13),
(11498, '"Serek typu ""Fromage"" naturalny"', 'm', 'm', 148, 11, 86, 3),
(11499, '"Serek typu ""Fromage"" z czosnkiem"', 'm', 's', 149, 11, 85, 4),
(11500, 'Deser ryżowy jabłkowy', 'm', 'b', 169, 8, 20, 72),
(11501, 'Deser ryżowy waniliowy', 'r', 's', 169, 9, 19, 72),
(11502, 'Ser topiony, edamski', 'm', 'm', 155, 18, 80, 2),
(11503, 'Lody mleczno-owocowe', 'm', 'm', 173, 14, 19, 67),
(11504, 'Lody śmietankowe', 'm', 'b', 170, 8, 47, 45),
(11505, 'Jaja kurze całe', 'm', 'm', 166, 36, 62, 2),
(11507, 'Białko jaja kurzego', 'r', 's', 187, 90, 4, 6),
(11508, 'Żółtko jaja kurzego', 'r', 'b', 154, 20, 80, 0),
(11509, 'Proszek jajeczny', 'r', 's', 103, 34, 64, 2),
(11510, 'Baranina, łopatka', 'm', 's', 149, 22, 78, 0),
(11511, 'Baranina, udziec', 'm', 's', 153, 31, 69, 0),
(11512, 'Cielęcina, łopatka', 'r', 's', 158, 77, 23, 0),
(11513, 'Cielęcina, sznyclówka', 'm', 'm', 175, 80, 20, 0),
(11514, 'Cielęcina, udziec', 'm', 's', 160, 75, 25, 0),
(11515, 'Konina, mięso bez kości', 'm', 'b', 174, 80, 20, 0),
(11516, 'Konina, mięso z kością', 'm', 'b', 152, 80, 20, 0),
(11517, 'Wieprzowina klasa I', 'm', 'm', 173, 58, 42, 0),
(11518, 'Wieprzowina klasa II', 'r', 'm', 161, 29, 71, 0),
(11519, 'Wieprzowina klasa III', 'm', 's', 167, 38, 62, 0),
(11520, 'Wieprzowina klasa IV', 'm', 'm', 153, 16, 84, 0),
(11521, 'Wieprzowina, boczek bez kości', 'm', 's', 136, 8, 92, 0),
(11522, 'Wieprzowina, golonka ze skórą', 'r', 'b', 147, 26, 74, 0),
(11523, 'Wieprzowina, karkówka', 'm', 'b', 144, 24, 76, 0),
(11524, 'Wieprzowina, łopatka', 'm', 's', 150, 25, 75, 0),
(11525, 'Wieprzowina, podgardle', 'r', 's', 124, 5, 95, 0),
(11526, 'Wieprzowina, schab surowy z kością', 'r', 'm', 146, 49, 51, 0),
(11527, 'Wieprzowina, szynka surowa', 'm', 'b', 155, 28, 72, 0),
(11528, 'Wieprzowina, żeberka', 'r', 'b', 140, 19, 81, 0),
(11529, 'Wołowina klasa I nieścięgnista', 'm', 'm', 175, 83, 17, 0),
(11530, 'Wołowina klasa I ścięgnista', 'r', 'b', 170, 55, 45, 0),
(11531, 'Wołowina klasa II', 'r', 'b', 171, 57, 43, 0),
(11532, 'Wołowina klasa III', 'm', 'm', 162, 38, 62, 0),
(11533, 'Wołowina klasa IV', 'm', 's', 145, 14, 86, 0),
(11534, 'Wołowina klasa V', 'r', 'm', 147, 22, 78, 0),
(11535, 'Wołowina, pieczeń', 'm', 's', 174, 73, 27, 0),
(11536, 'Wołowina, polędwica', 'm', 'b', 175, 73, 27, 0),
(11537, 'Wołowina, rostbef', 'm', 'm', 156, 58, 42, 0),
(11538, 'Wołowina, rozbratel', 'r', 's', 155, 43, 57, 0),
(11539, 'Wołowina, szponder', 'r', 'b', 149, 36, 64, 0),
(11540, 'Flaki', 'r', 's', 181, 77, 23, 0),
(11541, 'Kości, wywar', 'r', 'b', 198, 100, 0, 0),
(11542, 'Krew wieprzowa', 'm', 's', 181, 93, 5, 2),
(11543, 'Mózg wieprzowy', 'm', 'b', 174, 32, 68, 0),
(11544, 'Nerki wieprzowe', 'm', 'm', 170, 67, 33, 0),
(11545, 'Nogi wieprzowe', 'r', 's', 134, 34, 66, 0),
(11546, 'Ozór wieprzowy', 'm', 'b', 160, 41, 59, 0),
(11547, 'Serca wieprzowe', 'm', 'm', 169, 62, 38, 0),
(11548, 'Wątroba wieprzowa', 'r', 'm', 165, 69, 23, 8),
(11549, 'Wątroba wołowa', 'r', 'b', 166, 65, 22, 13),
(11550, 'Wątroba cielęca', 'm', 's', 166, 63, 24, 13),
(11551, 'Gęś, tuszka', 'm', 'b', 121, 17, 83, 0),
(11552, 'Indyk, tuszka', 'm', 'm', 154, 53, 47, 0),
(11553, 'Mięso z piersi indyka bez skóry', 'm', 'm', 178, 93, 7, 0),
(11554, 'Mięso z piersi indyka ze skórą', 'm', 's', 177, 76, 24, 0),
(11555, 'Mięso z podudzia indyka bez skóry', 'm', 'b', 178, 67, 33, 0),
(11556, 'Mięso z podudzia indyka ze skórą', 'r', 'b', 174, 45, 55, 0),
(11557, 'Mięso ze skrzydeł indyka bez skóry', 'r', 'b', 176, 64, 36, 0),
(11558, 'Mięso ze skrzydeł indyka ze skórą', 'r', 'm', 171, 40, 60, 0),
(11559, 'Mięso z udźca indyka bez skóry', 'r', 'b', 176, 76, 24, 0),
(11560, 'Mięso z udźca indyka ze skórą', 'r', 'b', 174, 57, 43, 0),
(11561, 'Skóra z indyka', 'm', 'b', 147, 9, 91, 0),
(11562, 'Skrzydło indyka', 'm', 'b', 139, 40, 60, 0),
(11563, 'Kaczka, tuszka', 'm', 'm', 136, 18, 82, 0),
(11564, 'Kura, tuszka', 'm', 'b', 145, 37, 63, 0),
(11565, 'Kurczak, tuszka', 'm', 's', 146, 48, 52, 0),
(11566, 'Mięso z piersi kurczaka bez skóry', 'm', 'b', 176, 88, 12, 0),
(11567, 'Mięso z ud kurczaka bez skóry', 'm', 's', 175, 58, 42, 0),
(11568, 'Mięso z ud kurczaka ze skórą', 'm', 'm', 172, 43, 57, 0),
(11569, 'Noga (udo) kurczaka', 'r', 'm', 146, 43, 57, 0),
(11570, 'Skórki kurze', 'r', 'm', 151, 11, 89, 0),
(11571, 'Skrzydło kurczaka', 'r', 's', 136, 42, 58, 0),
(11572, 'Wątróbka  kurczaka', 'm', 'b', 172, 57, 41, 2),
(11573, 'Żołądek kurczaka', 'r', 's', 176, 65, 33, 2),
(11574, 'Królik, tuszka', 'r', 's', 155, 55, 45, 0),
(11575, 'Baleron gotowany', 'r', 'm', 163, 25, 73, 2),
(11576, 'Kabanosy', 'r', 'm', 145, 34, 66, 0),
(11577, 'Kiełbasa domowa', 'r', 'm', 151, 18, 81, 1),
(11578, 'Kiełbasa krakowska sucha', 'r', 'b', 147, 32, 68, 0),
(11579, 'Kiełbasa lubuska', 'm', 'b', 154, 28, 64, 8),
(11580, 'Kiełbasa mortadela', 'r', 'm', 166, 24, 76, 0),
(11581, 'Kiełbasa myśliwska sucha', 'm', 'm', 149, 39, 61, 0),
(11582, 'Kiełbasa parówkowa', 'm', 's', 152, 14, 86, 0),
(11583, 'Kiełbasa podwawelska', 'r', 'b', 157, 29, 70, 1),
(11584, 'Kiełbasa rzeszowska', 'r', 'm', 160, 42, 58, 0),
(11585, 'Kiełbasa śląska', 'r', 'b', 161, 36, 64, 0),
(11586, 'Kiełbasa toruńska', 'm', 'b', 154, 32, 68, 0),
(11587, 'Kiełbasa zwyczajna', 'm', 's', 161, 34, 66, 0),
(11588, 'Kiełbasa żywiecka', 'm', 's', 148, 26, 74, 0),
(11589, 'Kiełbaski bawarskie', 'm', 's', 154, 20, 80, 0),
(11590, 'Mielonka (Luncheon meat)', 'r', 'm', 167, 30, 61, 9),
(11591, 'Paróweczki śniadaniowe (z olejem)', 'm', 's', 165, 21, 79, 0),
(11592, 'Parówki popularne', 'm', 's', 154, 11, 89, 0),
(11593, 'Polędwica luksusowa', 'm', 'b', 167, 45, 50, 5),
(11594, 'Polędwica sopocka', 'r', 'm', 169, 49, 49, 2),
(11595, 'Salami luksusowe', 'm', 'b', 124, 16, 83, 1),
(11596, 'Salami mini', 'm', 's', 124, 16, 83, 1),
(11597, 'Salami popularne', 'm', 's', 121, 15, 84, 1),
(11598, 'Szynka kanapkowa', 'm', 's', 176, 56, 38, 6),
(11599, 'Szynka wiejska', 'r', 'm', 158, 28, 71, 1),
(11600, 'Szynka wieprzowa gotowana', 'r', 'b', 161, 29, 69, 2),
(11601, 'Szynka wołowa gotowana', 'm', 'b', 171, 79, 17, 4),
(11602, 'Szynkówka wieprzowa', 'r', 's', 166, 29, 68, 3),
(11603, 'Szynkówka wołowa', 'r', 's', 176, 77, 16, 7),
(11604, 'Wędzonka wołowa gotowana', 'r', 'b', 177, 71, 27, 2),
(11605, 'Kiszka kaszana jęczmienna', 'r', 'm', 159, 18, 57, 25),
(11606, 'Kiszka krwista', 'r', 'm', 135, 14, 77, 9),
(11607, 'Kiszka pasztetowa', 'm', 'b', 140, 13, 83, 4),
(11608, 'Ozory w galarecie', 'm', 's', 172, 48, 48, 4),
(11609, 'Pasztet pieczony', 'r', 'b', 135, 18, 70, 12),
(11610, 'Pieczeń żuławska', 'm', 's', 170, 33, 61, 6),
(11611, 'Polędwica w galarecie', 'r', 's', 178, 58, 38, 4),
(11612, 'Salceson czarny', 'm', 'm', 147, 15, 84, 1),
(11613, 'Salceson włoski', 'r', 's', 142, 19, 81, 0),
(11614, 'Wątrobianka', 'r', 's', 160, 19, 80, 1),
(11615, 'Baton szynkowy z indyka', 'm', 'b', 169, 42, 58, 0),
(11616, 'Kiełbasa mazurska z indyka', 'm', 's', 171, 47, 53, 0),
(11617, 'Kiełbasa mortadela z indyka', 'm', 's', 164, 21, 79, 0),
(11618, 'Kiełbasa szynkowa z indyka', 'r', 's', 173, 79, 20, 1),
(11619, 'Polędwica z indyka', 'm', 's', 173, 61, 39, 0),
(11620, 'Szynka z indyka', 'r', 'b', 175, 83, 17, 0),
(11621, 'Baton z kurczaka', 'm', 's', 168, 47, 53, 0),
(11622, 'Kabanosy z kurczaka', 'r', 'b', 155, 38, 62, 0),
(11623, 'Kaszanka z kurczaka', 'm', 'b', 155, 19, 51, 30),
(11624, 'Kiełbasa delikatesowa z kurczaka', 'r', 'm', 170, 73, 27, 0),
(11625, 'Kiełbasa jałowcowa z kurczaka', 'r', 'm', 157, 33, 67, 0),
(11626, 'Kiełbasa kanapkowa z kurczaka', 'm', 'b', 165, 27, 66, 7),
(11627, 'Kiełbasa podlaska z kurczaka', 'm', 'b', 156, 36, 64, 0),
(11628, 'Kiełbasa podsuszana z kurczaka', 'r', 's', 163, 54, 46, 0),
(11629, 'Kiełbasa szynkowa z kurczaka', 'r', 'm', 172, 60, 40, 0),
(11630, 'Kurczak faszerowany (pieczony)', 'm', 's', 160, 42, 53, 5),
(11631, 'Parówki z kurczaka', 'm', 'm', 159, 17, 77, 6),
(11632, 'Pasta kanapkowa z kurczaka', 'r', 'b', 173, 27, 64, 9),
(11633, 'Pasztet z kurczaka pieczony', 'r', 'm', 161, 27, 59, 14),
(11634, 'Pasztet podlaski z kurczaka', 'r', 'b', 166, 12, 82, 6),
(11635, 'Pieczeń z kurczaka z pieczarkami', 'm', 's', 164, 31, 50, 19),
(11636, 'Pieczeń z kurczaka z serem żółtym', 'm', 'b', 160, 32, 52, 16),
(11637, 'Polędwica z piersi kurczaka', 'r', 'b', 172, 89, 11, 0),
(11638, 'Szynka delikatesowa z kurczaka', 'm', 's', 170, 60, 40, 0),
(11639, 'Szynka z piersi kurczaka', 'm', 'm', 171, 88, 11, 1),
(11640, 'Szynka z udźca kurczaka', 'm', 'm', 171, 60, 40, 0),
(11641, 'Dorsz świeży', 'm', 's', 160, 92, 8, 0),
(11642, 'Dorsz świeży, filety bez skóry', 'r', 's', 181, 96, 4, 0),
(11643, 'Flądra świeża', 'm', 'm', 136, 81, 19, 0),
(11644, 'Gładzica-płastuga świeża', 'm', 'b', 144, 81, 19, 0),
(11645, 'Halibut biały, świeży', 'm', 'm', 161, 83, 17, 0),
(11646, 'Karp świeży', 'm', 'm', 136, 66, 34, 0),
(11647, 'Łosoś świeży', 'm', 's', 141, 40, 60, 0),
(11648, 'Makrela świeża', 'r', 's', 144, 42, 58, 0),
(11649, 'Mintaj świeży', 'r', 'm', 133, 93, 7, 0),
(11650, 'Morszczuk świeży', 'm', 'm', 146, 78, 22, 0),
(11651, 'Okoń świeży', 'm', 'b', 131, 91, 9, 0),
(11652, 'Pstrąg strumieniowy, świeży', 'r', 'm', 146, 81, 19, 0),
(11653, 'Pstrąg tęczowy, świeży', 'm', 'b', 136, 47, 53, 0),
(11654, 'Sandacz świeży', 'm', 's', 139, 93, 7, 0),
(11655, 'Sardynka świeża', 'm', 'b', 132, 50, 50, 0),
(11656, 'Sola świeża', 'r', 'b', 156, 85, 15, 0),
(11657, 'Szczupak świeży', 'm', 's', 143, 91, 9, 0),
(11658, 'Śledź świeży', 'r', 'm', 138, 41, 59, 0),
(11659, 'Śledź solony', 'm', 'b', 126, 37, 63, 0),
(11660, 'Tuńczyk świeży', 'r', 'b', 143, 70, 30, 0),
(11661, 'Węgorz świeży', 'r', 'b', 141, 22, 78, 0),
(11662, 'Dorsz wędzony', 'm', 'b', 145, 95, 5, 0),
(11663, 'Łosoś wędzony', 'r', 'm', 159, 54, 46, 0),
(11664, 'Makrela wędzona', 'm', 'm', 142, 38, 62, 0),
(11665, 'Pikling', 'm', 'b', 138, 41, 59, 0),
(11666, 'Węgorz wędzony', 'r', 's', 139, 22, 78, 0),
(11667, '"Paprykarz ""Szczeciński"""', 'm', 's', 167, 23, 59, 18),
(11668, 'Pasztet z ryb wędzonych', 'r', 's', 172, 35, 62, 3),
(11669, 'Pasztet rybny homogenizowany', 'm', 'b', 156, 16, 71, 13),
(11670, 'Sałatka z dorsza', 'm', 's', 166, 21, 66, 13),
(11671, 'Sałatka pikantna z makreli', 'r', 'b', 167, 23, 64, 13),
(11672, 'Sardynka w oleju', 'm', 's', 158, 44, 56, 0),
(11673, 'Sardynka w pomidorach', 'r', 'b', 169, 43, 54, 3),
(11674, 'Śledź marynowany', 'm', 'b', 161, 35, 58, 7),
(11675, 'Śledź w oleju', 'm', 's', 153, 22, 78, 0),
(11676, 'Śledź w sosie pomidorowym', 'm', 'b', 168, 35, 54, 11),
(11677, 'Tuńczyk w oleju', 'm', 'm', 161, 58, 42, 0),
(11678, 'Tuńczyk w wodzie', 'r', 'm', 175, 89, 11, 0),
(11679, 'Śledź w śmietanie', 'm', 'm', 182, 23, 57, 20),
(11680, 'Śledzie zawijane (rolmopsy)', 'r', 'b', 180, 31, 59, 10),
(11681, 'Olej krokoszowy', 'r', 'b', 100, 0, 100, 0),
(11682, 'Olej kukurydziany', 'r', 's', 100, 0, 100, 0),
(11683, 'Olej palmowy', 'r', 's', 100, 0, 100, 0),
(11684, 'Olej rzepakowy o obniżonej zawartości kwasu erukowego', 'r', 's', 100, 0, 100, 0),
(11685, 'Olej rzepakowy uniwersalny', 'm', 'b', 100, 0, 100, 0),
(11686, 'Olej rzepakowy tłoczony na zimno', 'r', 's', 100, 0, 100, 0),
(11687, 'Olej rzepakowo-sojowy', 'r', 'm', 100, 0, 100, 0),
(11688, 'Olej sezamowy', 'r', 's', 100, 0, 100, 0),
(11689, 'Olej słonecznikowy', 'm', 'm', 100, 0, 100, 0),
(11690, 'Olej sojowy', 'm', 'b', 100, 0, 100, 0),
(11691, 'Olej z zarodków pszennych', 'r', 'b', 100, 0, 100, 0),
(11692, 'Oliwa z oliwek', 'r', 's', 100, 0, 100, 0),
(11693, 'Planta', 'm', 'b', 100, 0, 100, 0),
(11694, '"Margaryna ""Bona"""', 'm', 'b', 149, 0, 100, 0),
(11695, '"Margaryna ""Flora"""', 'm', 's', 139, 0, 100, 0),
(11696, '"Margaryna ""Kama"""', 'm', 's', 154, 0, 100, 0),
(11697, '"Margaryna ""Mini Light"""', 'r', 'm', 150, 0, 100, 0),
(11698, 'Margaryna mleczna', 'r', 's', 119, 0, 100, 0),
(11699, '"Margaryna ""Palma"""', 'r', 's', 119, 0, 100, 0),
(11700, '"Margaryna ""Rama"""', 'r', 's', 129, 0, 100, 0),
(11701, 'Margaryna słoneczna', 'r', 's', 119, 0, 100, 0),
(11702, '"Margaryna ""Śniadaniowa"""', 'm', 'm', 139, 0, 100, 0),
(11703, '"Margaryna ""Tina"""', 'm', 'm', 155, 0, 100, 0),
(11704, 'Margaryna zwykła', 'm', 's', 119, 0, 100, 0),
(11705, 'Masło roślinne kubkowe', 'r', 's', 124, 0, 100, 0),
(11706, 'Masło roślinne, kostka', 'm', 's', 119, 0, 100, 0),
(11707, '"Masło roślinne ""Nova"""', 'r', 's', 149, 0, 100, 0),
(11708, 'Masło extra', 'r', 'm', 116, 0, 100, 0),
(11709, 'Masło śmietankowe', 'r', 'b', 124, 1, 98, 1),
(11710, 'Słonina', 'r', 's', 108, 1, 99, 0),
(11711, 'Smalec', 'm', 's', 100, 0, 100, 0),
(11712, 'Finea Mix, niskotłuszczowa', 'm', 's', 139, 0, 100, 0),
(11713, 'Masełko zakopiańskie', 'r', 's', 134, 1, 98, 1),
(11714, 'Mlemix zambrowski', 'r', 's', 134, 1, 98, 1),
(11715, 'Mąka pszenna, typ 500', 'r', 's', 114, 11, 3, 86),
(11716, 'Mąka pszenna, typ 500, wzbogacona', 'r', 'b', 114, 11, 3, 86),
(11717, 'Mąka pszenna, typ 550', 'm', 'm', 114, 11, 4, 85),
(11718, 'Mąka pszenna, typ 750', 'm', 's', 114, 11, 5, 84),
(11719, 'Mąka pszenna, typ 1850', 'm', 'b', 114, 14, 6, 80),
(11720, 'Mąka pszenna, typ 2000', 'm', 's', 114, 14, 7, 79),
(11721, 'Mąka żytnia, typ 580', 'm', 'b', 114, 7, 4, 89),
(11722, 'Mąka żytnia, typ 720', 'm', 's', 114, 7, 5, 88),
(11723, 'Mąka żytnia, typ 1400', 'm', 's', 114, 9, 6, 85),
(11724, 'Mąka żytnia, typ 1850', 'm', 's', 114, 9, 6, 85),
(11725, 'Mąka żytnia, typ 2000', 'r', 'b', 114, 10, 6, 84),
(11726, 'Semolina', 'm', 'm', 113, 12, 3, 85),
(11727, 'Skrobia kukurydziana', 'm', 's', 111, 0, 0, 100),
(11728, 'Ziarno pszenicy', 'r', 's', 114, 14, 7, 79),
(11729, 'Ziarno żyta', 'r', 'm', 114, 10, 6, 84),
(11730, 'Kasza gryczana', 'm', 'b', 113, 15, 8, 77),
(11731, 'Kasza jaglana', 'm', 'b', 114, 12, 7, 81),
(11732, 'Kasza jęczmienna perłowa', 'r', 's', 115, 9, 6, 85),
(11733, 'Kasza jęczmienna, pęczak', 'm', 's', 113, 10, 5, 85),
(11734, 'Kasza manna', 'm', 'm', 113, 10, 3, 87),
(11735, 'Ryż biały', 'r', 'b', 113, 8, 2, 90),
(11736, 'Ryż brązowy', 'r', 'm', 113, 9, 5, 86),
(11737, 'Makaron bezjajeczny', 'm', 'm', 109, 11, 4, 85),
(11738, 'Makaron bezjajeczny z semoliny', 'm', 'b', 108, 12, 3, 85),
(11739, 'Makaron dwujajeczny', 'r', 's', 108, 13, 6, 81),
(11740, 'Makaron czterojajeczny', 'm', 's', 107, 13, 8, 79),
(11741, 'Makaron dwujajeczny z semoliny', 'm', 'm', 107, 13, 6, 81),
(11742, 'Chleb żytni pełnoziarnisty', 'm', 's', 135, 11, 7, 82),
(11743, 'Chleb żytni jasny', 'm', 's', 136, 7, 5, 88),
(11744, 'Chleb żytni jasny mleczny', 'r', 'm', 133, 8, 6, 86),
(11745, 'Chleb żytni pytlowy', 'r', 's', 136, 7, 6, 87),
(11746, 'Chleb żytni razowy', 'm', 's', 139, 10, 7, 83),
(11747, 'Chleb żytni razowy litewski', 'r', 'm', 137, 11, 6, 83),
(11748, 'Chleb żytni razowy na miodzie', 'r', 'm', 137, 9, 6, 85),
(11749, 'Chleb żytni razowy wytrawny', 'r', 'm', 138, 12, 7, 81),
(11750, 'Chleb żytni razowy z soją i słonecznikiem', 'r', 's', 135, 13, 13, 74),
(11751, 'Chleb żytni sitkowy', 'm', 'm', 138, 9, 6, 85),
(11752, 'Chleb żytni starogardzki', 'm', 'm', 141, 8, 5, 87),
(11753, 'Chleb staropolski', 'm', 'm', 141, 9, 7, 84),
(11754, 'Chleb żytni wileński', 'm', 'm', 140, 8, 6, 86),
(11755, 'Pumpernikiel', 'r', 'm', 132, 9, 7, 84),
(11756, 'Chleb baltonowski', 'r', 's', 135, 10, 5, 85),
(11757, 'Chleb chrupki', 'r', 'm', 108, 10, 6, 84),
(11758, 'Chleb mazowiecki', 'r', 'b', 134, 10, 5, 85),
(11759, 'Chleb mieszany słonecznikowy', 'r', 'b', 138, 11, 16, 73),
(11760, 'Chleb mieszany z soją', 'r', 's', 139, 12, 10, 78),
(11761, 'Chleb mleczny', 'r', 's', 133, 11, 5, 84),
(11762, 'Chleb nałęczowski', 'm', 's', 135, 9, 5, 86),
(11763, 'Chleb poleski', 'r', 's', 134, 10, 7, 83),
(11764, 'Chleb praski', 'r', 'm', 135, 9, 5, 86),
(11765, 'Chleb wiejski', 'r', 'm', 136, 10, 5, 85),
(11766, 'Chleb wielkopolski', 'm', 's', 133, 10, 5, 85),
(11767, 'Chleb zakopiański', 'm', 'b', 131, 11, 6, 83),
(11768, 'Chleb zwykły', 'm', 'b', 134, 9, 5, 86),
(11769, 'Bagietki francuskie', 'r', 'm', 128, 11, 5, 84),
(11770, 'Bułki grahamki', 'r', 'b', 131, 13, 6, 81),
(11771, 'Bułki pszenne zwykłe', 'r', 'b', 131, 11, 5, 84),
(11772, 'Bułka tarta', 'm', 'b', 110, 11, 5, 84),
(11773, 'Chleb Graham', 'm', 's', 139, 14, 7, 79),
(11774, 'Chleb pszenny', 'r', 's', 134, 11, 5, 84),
(11775, 'Chleb pszenny z ziarnem pszenicy', 'r', 'b', 138, 14, 7, 79),
(11776, 'Bułeczki do hot dogów', 'm', 's', 121, 10, 20, 70),
(11777, 'Bułki mleczne', 'r', 'm', 124, 11, 13, 76),
(11778, 'Bułki owsiane', 'r', 'b', 126, 12, 13, 75),
(11779, 'Bułki sojowe', 'r', 'b', 119, 12, 11, 77),
(11780, 'Bułki wrocławskie', 'r', 'b', 129, 10, 13, 77),
(11781, 'Kajzerki', 'r', 'b', 128, 10, 11, 79),
(11782, 'Pieczywo tostowe', 'm', 'm', 126, 11, 14, 75),
(11783, 'Strucle wrocławskie', 'r', 'm', 128, 11, 14, 75),
(11784, 'Pieczywo tostowe Graham', 'm', 'b', 132, 11, 14, 75),
(11785, 'Bułki i rogale maślane', 'r', 's', 123, 10, 16, 74),
(11786, 'Chałki zdobne', 'r', 'b', 123, 8, 19, 73),
(11787, 'Pieczywo półfrancuskie z dżemem', 'm', 'b', 107, 8, 21, 71),
(11788, 'Pieczywo półfrancuskie z serem', 'm', 'm', 111, 10, 23, 67),
(11789, 'Rogale kruche', 'm', 'm', 122, 9, 20, 71),
(11790, 'Chrupki kukurydziane', 'm', 'm', 108, 10, 8, 82),
(11791, 'Musli z owocami suszonymi', 'r', 's', 114, 11, 9, 80),
(11792, 'Musli z rodzynkami i orzechami', 'm', 'm', 110, 12, 30, 58),
(11793, 'Otręby pszenne', 'r', 'm', 111, 35, 22, 43),
(11794, 'Płatki jęczmienne', 'm', 'b', 104, 11, 9, 80),
(11795, 'Płatki kukurydziane', 'r', 'm', 104, 8, 6, 86),
(11796, 'Płatki kukurydziane wzbogacane', 'r', 'b', 104, 8, 6, 86),
(11797, 'Płatki owsiane', 'm', 's', 110, 13, 17, 70),
(11798, 'Płatki pszenne', 'm', 's', 104, 10, 8, 82),
(11799, 'Płatki żytnie', 'r', 'b', 105, 8, 8, 84),
(11800, 'Ryż preparowany', 'r', 's', 107, 7, 4, 89),
(11801, 'Zarodki pszenne', 'r', 's', 113, 35, 26, 39),
(11802, 'Paszteciki drożdżowe z mięsem', 'm', 'b', 143, 11, 53, 36),
(11803, 'Pizza mięsno-ziołowa', 'm', 's', 130, 21, 36, 43),
(11804, 'Pizza z pieczarkami i cebulą', 'm', 'b', 140, 17, 41, 42),
(11805, 'Bakłażan', 'r', 'b', 174, 22, 4, 74),
(11806, 'Boćwina', 'r', 'b', 171, 49, 25, 26),
(11807, 'Bób', 'm', 'b', 156, 44, 5, 51),
(11808, 'Brokuły', 'm', 's', 155, 46, 13, 41),
(11809, 'Brukselka', 'm', 's', 164, 52, 12, 36),
(11810, 'Burak', 'm', 'b', 165, 19, 2, 79),
(11811, 'Cebula', 'r', 'b', 179, 19, 12, 69),
(11812, 'Chrzan', 'r', 'm', 141, 27, 8, 65),
(11813, 'Cukinia', 'r', 'b', 182, 33, 6, 61),
(11814, 'Cykoria', 'r', 'm', 157, 33, 8, 59),
(11815, 'Czosnek', 'm', 'b', 151, 18, 3, 79),
(11816, 'Dynia', 'm', 'b', 153, 19, 10, 71),
(11817, 'Fasola biała, nasiona suche', 'm', 's', 111, 30, 5, 65),
(11818, 'Fasola mung, kiełki', 'm', 'm', 190, 43, 12, 45),
(11819, 'Fasola szparagowa', 'm', 's', 181, 37, 7, 56),
(11820, 'Groch, nasiona suche', 'r', 'b', 111, 33, 4, 63),
(11821, 'Groszek zielony', 'r', 'b', 145, 36, 5, 59),
(11822, 'Jarmuż', 'r', 'm', 154, 47, 21, 32),
(11823, 'Kalafior', 'm', 's', 156, 44, 8, 48),
(11824, 'Kalarepa', 'r', 'm', 162, 31, 9, 60),
(11825, 'Kapusta biała', 'r', 'b', 175, 24, 6, 70),
(11826, 'Kapusta czerwona', 'r', 's', 170, 29, 7, 64),
(11827, 'Kapusta pekińska', 'r', 's', 174, 41, 15, 44),
(11828, 'Kapusta włoska', 'r', 'b', 161, 35, 9, 56),
(11829, 'Koper ogrodowy', 'm', 's', 182, 43, 14, 43),
(11830, 'Kukurydza, kolby', 'm', 'm', 141, 14, 12, 74),
(11831, 'Marchew', 'm', 's', 166, 15, 7, 78),
(11832, 'Ogórek', 'r', 'b', 169, 21, 7, 72),
(11833, 'Papryka czerwona', 'm', 's', 177, 19, 15, 66),
(11834, 'Papryka zielona', 'r', 'b', 179, 25, 15, 60),
(11835, 'Pasternak', 'm', 'm', 159, 12, 9, 79),
(11836, 'Pietruszka, korzeń', 'r', 'm', 160, 28, 12, 60),
(11837, 'Pietruszka, liście', 'm', 'm', 184, 44, 9, 47),
(11838, 'Pomidor', 'm', 'b', 191, 24, 12, 64),
(11839, 'Por', 'r', 'b', 152, 38, 11, 51),
(11840, 'Rabarbar', 'r', 's', 175, 24, 10, 66),
(11841, 'Rzepa', 'm', 'm', 175, 17, 10, 73),
(11842, 'Rzodkiewka', 'r', 'm', 159, 30, 13, 57),
(11843, 'Sałata', 'r', 's', 170, 42, 13, 45),
(11844, 'Seler korzeniowy', 'm', 'b', 155, 32, 13, 55),
(11845, 'Seler naciowy', 'r', 'm', 175, 31, 13, 56),
(11846, 'Soczewica czerwona, nasiona suche', 'm', 'm', 111, 32, 8, 60),
(11847, 'Soczewica, kiełki', 'r', 'm', 167, 31, 4, 65),
(11848, 'Soja, nasiona suche', 'm', 'b', 108, 37, 45, 18),
(11849, 'Soja, kiełki', 'm', 'b', 169, 38, 42, 20),
(11850, 'Szczaw', 'r', 'm', 170, 21, 34, 45),
(11851, 'Szczypiorek', 'r', 'b', 180, 57, 24, 19),
(11852, 'Szparagi', 'm', 's', 170, 42, 10, 48),
(11853, 'Szpinak', 'm', 'm', 173, 67, 23, 10),
(11854, 'Ziemniaki wczesne', 'm', 'm', 165, 11, 1, 88),
(11855, 'Ziemniaki późne', 'r', 'b', 158, 9, 1, 90),
(11856, 'Ziemniaki, średnio', 'm', 'm', 161, 10, 1, 89),
(11857, 'Brokuły mrożone', 'm', 'b', 191, 45, 15, 40),
(11858, 'Brukselka mrożona', 'r', 'm', 185, 51, 12, 37),
(11859, 'Buraki puree mrożone', 'r', 'b', 188, 19, 3, 78),
(11860, 'Fasolka szparagowa mrożona', 'm', 'b', 190, 37, 7, 56),
(11861, 'Groszek zielony mrożony', 'm', 's', 176, 36, 5, 59),
(11862, 'Kalafior mrożony', 'm', 'm', 192, 44, 9, 47),
(11863, 'Marchew mrożona', 'm', 's', 190, 15, 7, 78),
(11864, 'Ogórki, mizeria mrożone', 'm', 'b', 196, 21, 7, 72),
(11865, 'Pomidor mrożony', 'r', 'm', 194, 24, 12, 64),
(11866, 'Szpinak mrożony', 'r', 'b', 193, 65, 24, 11),
(11867, 'Barszcz ukraiński mrożony', 'r', 'm', 190, 23, 6, 71),
(11868, 'Bukiet z jarzyn wiosennych mrożony', 'r', 'm', 188, 38, 9, 53),
(11869, 'Bukiet z jarzyn z makaronem mrożony', 'm', 's', 165, 16, 8, 76),
(11870, 'Bukiet z jarzyn z ryżem mrożony', 'r', 's', 181, 15, 4, 81),
(11871, 'Kapuśniak mrożony', 'm', 'b', 188, 16, 5, 79),
(11872, 'Marchew z groszkiem mrożona', 'r', 's', 186, 27, 7, 66),
(11873, 'Paprykarz mrożony', 'm', 's', 193, 24, 14, 62),
(11874, 'Sałatka jarzynowa z kukurydzą mrożona', 'm', 'b', 180, 22, 8, 70),
(11875, 'Sałatka meksykańska mrożona', 'r', 'b', 185, 23, 10, 67),
(11876, 'Sałata skandynawska mrożona', 'r', 's', 190, 28, 6, 66),
(11877, 'Włoszczyzna krojona w paski mrożona', 'r', 's', 189, 23, 11, 66),
(11878, 'Zupa jesienna mrożona', 'm', 'm', 190, 24, 6, 70),
(11879, 'Zupa kalafiorowa mrożona', 'm', 'm', 191, 37, 8, 55),
(11880, 'Zupa włoska mrożona', 'm', 'b', 190, 27, 10, 63),
(11881, 'Zupa ziemniaczana mrożona', 'm', 'm', 186, 15, 4, 81),
(11882, 'Zupa zimowa mrożona', 'm', 'm', 190, 34, 10, 56),
(11883, 'Fasola cięta, konserwowa bez zalewy', 'm', 'm', 192, 37, 11, 52),
(11884, 'Fasolka flageolet, konserwowa', 'r', 'm', 177, 42, 3, 55),
(11885, 'Groszek zielony, konserwowy bez zalewy', 'r', 's', 178, 32, 3, 65),
(11886, 'Kapusta kwaszona', 'm', 'm', 193, 39, 15, 46),
(11887, 'Koncentrat pomidorowy 30%', 'r', 's', 173, 25, 14, 61),
(11888, 'Mąka sojowa pełnotłusta', 'r', 'm', 106, 43, 49, 8),
(11889, 'Ogórek kwaszony', 'm', 'm', 195, 38, 8, 54),
(11890, 'Papryka czerwona konserwowa', 'm', 'm', 192, 11, 45, 44),
(11891, 'Skrobia ziemniaczana', 'm', 's', 115, 1, 0, 99),
(11892, 'Sos keczup', 'r', 's', 171, 8, 9, 83),
(11893, 'Szparagi konserwowe', 'r', 'm', 193, 45, 33, 22),
(11894, 'Kukurydza konserwowa', 'r', 's', 171, 12, 10, 78),
(11895, 'Pieczarka uprawna, świeża', 'm', 's', 183, 65, 21, 14),
(11896, 'Agrest', 'm', 'm', 185, 8, 4, 88),
(11897, 'Ananas', 'm', 'b', 144, 3, 3, 94),
(11898, 'Arbuz', 'r', 's', 147, 7, 2, 91),
(11899, 'Awokado', 'r', 'm', 149, 5, 85, 10),
(11900, 'Banan', 'm', 'b', 146, 4, 3, 93),
(11901, 'Brzoskwinia', 'r', 'm', 175, 9, 4, 87),
(11902, 'Cytryna', 'r', 's', 155, 9, 7, 84),
(11903, 'Czarne jagody', 'm', 'm', 184, 7, 12, 81),
(11904, 'Czereśnie', 'r', 's', 176, 7, 4, 89),
(11905, 'Grejpfrut', 'm', 'b', 157, 7, 5, 88),
(11906, 'Gruszka', 'm', 's', 164, 5, 3, 92),
(11907, 'Gujawa', 'r', 's', 168, 9, 14, 77),
(11908, 'Jabłko', 'r', 's', 163, 4, 8, 88),
(11909, 'Kiwi', 'm', 's', 171, 7, 8, 85),
(11910, 'Maliny', 'm', 'b', 185, 18, 9, 73),
(11911, 'Mandarynki', 'r', 'm', 165, 6, 4, 90),
(11912, 'Mango', 'm', 'b', 156, 3, 4, 93),
(11913, 'Melon', 'r', 'm', 145, 10, 7, 83),
(11914, 'Morele', 'm', 's', 178, 8, 4, 88),
(11915, 'Nektarynka', 'r', 'm', 178, 8, 4, 88),
(11916, 'Papaja', 'r', 'm', 158, 6, 2, 92),
(11917, 'Pomarańcza', 'm', 's', 162, 8, 4, 88),
(11918, 'Porzeczki białe', 'm', 'b', 182, 12, 5, 83),
(11919, 'Porzeczki czarne', 'm', 'm', 180, 15, 5, 80),
(11920, 'Porzeczki czerwone', 'm', 'm', 181, 14, 6, 80),
(11921, 'Poziomki', 'r', 'b', 189, 10, 13, 77),
(11922, 'Śliwki', 'r', 's', 181, 5, 4, 91),
(11923, 'Truskawki', 'r', 'm', 187, 10, 12, 78),
(11924, 'Winogrona', 'r', 'b', 179, 3, 3, 94),
(11925, 'Wiśnie', 'm', 's', 178, 8, 7, 85),
(11926, 'Czarne jagody mrożone', 'r', 'b', 186, 7, 12, 81),
(11927, 'Maliny mrożone', 'm', 'm', 185, 18, 9, 73),
(11928, 'Porzeczki czarne mrożone', 'm', 's', 182, 15, 5, 80),
(11929, 'Śliwki bez pestek mrożone', 'r', 'b', 187, 5, 4, 91),
(11930, 'Truskawki mrożone', 'm', 'm', 190, 10, 12, 78),
(11931, 'Wiśnie bez pestkek mrożone', 'r', 's', 187, 8, 7, 85),
(11932, 'Mieszanka owocowa mrożona', 'm', 'b', 186, 9, 7, 84),
(11933, 'Banany suszone', 'm', 'm', 103, 4, 3, 93),
(11934, 'Daktyle suszone', 'r', 's', 119, 3, 1, 96),
(11935, 'Figi suszone', 'r', 'b', 115, 5, 4, 91),
(11936, 'Jabłka suszone', 'm', 'm', 132, 4, 8, 88),
(11937, 'Morele suszone', 'r', 'm', 117, 8, 4, 88),
(11938, 'Rodzynki suszone', 'm', 'b', 124, 3, 2, 95),
(11939, 'Śliwki suszone z pestką', 'm', 'm', 120, 5, 4, 91),
(11940, 'Dżem ananasowy niskosłodzony', 'r', 's', 161, 1, 1, 98),
(11941, 'Dżem brzoskwiniowy niskosłodzony', 'm', 'm', 160, 1, 1, 98),
(11942, 'Dżem z czarnych porzeczek niskosłodzony', 'm', 's', 159, 1, 1, 98),
(11943, 'Dżem z czarnych porzeczek wysokosłodzony', 'r', 's', 135, 1, 0, 99),
(11944, 'Dżem jagodowy niskosłodzony', 'r', 'm', 161, 1, 1, 98),
(11945, 'Dżem z kiwi niskosłodzony', 'r', 's', 161, 1, 1, 98),
(11946, 'Dżem morelowy niskosłodzony', 'r', 'm', 160, 1, 1, 98),
(11947, 'Dżem pomarańczowy niskosłodzony', 'm', 'm', 160, 1, 1, 98),
(11948, 'Dżem śliwkowy niskosłodzony', 'm', 'm', 161, 1, 1, 98),
(11949, 'Dżem śliwkowy wysokosłodzony', 'r', 'm', 137, 1, 0, 99),
(11950, 'Dżem truskawkowy niskosłodzony', 'r', 'b', 161, 1, 1, 98),
(11951, 'Dżem truskawkowy wysokosłodzony', 'r', 'b', 136, 0, 1, 99),
(11952, 'Dżem wiśniowy niskosłodzony', 'm', 'b', 161, 1, 1, 98),
(11953, 'Dżem wiśniowy wysokosłodzony', 'r', 's', 137, 1, 1, 98),
(11954, 'Powidła śliwkowe', 'r', 's', 145, 2, 1, 97),
(11955, 'Ananas, plastry w syropie', 'm', 's', 178, 2, 1, 97),
(11956, 'Oliwki zielone marynowane', 'm', 'm', 163, 5, 89, 6),
(11957, 'Brzoskwinia w syropie', 'r', 'b', 181, 2, 1, 97),
(11958, 'Migdały', 'm', 'm', 104, 14, 81, 5),
(11959, 'Orzechy arachidowe', 'm', 's', 104, 19, 72, 9),
(11960, 'Orzech kokosowy', 'm', 'b', 124, 4, 88, 8),
(11961, 'Wiórki kokosowe', 'm', 's', 102, 4, 92, 4),
(11962, 'Orzechy laskowe', 'r', 'm', 102, 9, 87, 4),
(11963, 'Orzechy pistacjowe', 'm', 'm', 101, 14, 73, 13),
(11964, 'Orzechy włoskie', 'm', 'm', 101, 10, 83, 7),
(11965, 'Mak niebieski', 'm', 'm', 106, 17, 79, 4),
(11966, 'Sezam, nasiona', 'm', 's', 103, 15, 84, 1),
(11967, 'Słonecznik, nasiona', 'r', 's', 103, 18, 69, 13),
(11968, 'Dynia, pestki', 'm', 's', 105, 18, 73, 9),
(11969, 'Cukier', 'm', 'b', 100, 0, 0, 100),
(11970, 'Miód pszczeli', 'r', 'b', 120, 0, 0, 100),
(11971, 'Miód sztuczny', 'r', 'm', 117, 0, 0, 100),
(11972, 'Irysy, krówki', 'm', 's', 107, 4, 22, 74),
(11973, 'Karmelki nadziewane', 'r', 's', 106, 0, 1, 99),
(11974, 'Karmelki twarde', 'r', 'm', 101, 0, 0, 100),
(11975, 'Kakao 16%, proszek', 'm', 's', 104, 16, 43, 41),
(11976, 'Baton Bounty Milk', 'r', 's', 108, 4, 50, 46),
(11977, 'Baton Mars', 'm', 'm', 106, 3, 36, 61),
(11978, 'Baton Milky Way', 'm', 's', 106, 3, 32, 65),
(11979, 'Baton Snickers', 'r', 'b', 105, 8, 51, 41),
(11980, 'Baton Twix', 'm', 's', 104, 4, 43, 53),
(11981, 'Czekolada deserowa', 'r', 'b', 100, 4, 48, 48),
(11982, 'Czekolada gorzka', 'm', 'm', 100, 5, 55, 40),
(11983, 'Czekolada kawowa', 'm', 's', 100, 4, 49, 47),
(11984, 'Czekolada mleczna', 'm', 'b', 100, 7, 53, 40),
(11985, 'Czekolada mleczna z orzechami laskowymi', 'm', 'b', 101, 6, 51, 43),
(11986, 'Czekolada nadziewana', 'r', 'b', 108, 4, 34, 62),
(11987, 'Czekolada śmietankowa z orzechami laskowymi', 'm', 'm', 101, 6, 64, 30),
(11988, 'Czekolada biała', 'm', 'm', 101, 5, 59, 36),
(11989, 'Delicje szampańskie', 'r', 'b', 131, 5, 30, 65),
(11990, 'Herbatniki', 'r', 'm', 103, 8, 22, 70),
(11991, '"Herbatniki ""Corso"""', 'm', 'm', 110, 4, 35, 61),
(11992, 'Herbatniki z cukrem', 'm', 'b', 105, 6, 33, 61),
(11993, 'Herbatniki z czekoladą', 'm', 's', 106, 5, 46, 49),
(11994, 'Herbatniki w czekoladzie', 'm', 'b', 106, 5, 43, 52),
(11995, 'Herbatniki w czekoladzie z orzechami', 'r', 'b', 105, 5, 43, 52),
(11996, 'Herbatniki kakaowe', 'm', 'm', 107, 6, 42, 52),
(11997, 'Herbatniki kokosowe', 'r', 's', 107, 5, 47, 48),
(11998, 'Herbatniki z nadzieniem czekoladowym', 'm', 'm', 108, 4, 50, 46),
(11999, 'Herbatniki z nadzieniem owocowym', 'r', 'm', 121, 4, 36, 60),
(12000, 'Herbatniki sezamowe', 'm', 'b', 106, 7, 50, 43),
(12001, 'Markizy', 'm', 'b', 106, 5, 42, 53),
(12002, 'Paluszki z kminkiem', 'm', 'm', 111, 13, 55, 32),
(12003, 'Pierniki alpejskie', 'r', 'b', 119, 4, 23, 73),
(12004, 'Pierniki beskidzkie', 'm', 's', 117, 4, 4, 92),
(12005, 'Solinki, paluszki', 'r', 'b', 106, 10, 11, 79),
(12006, 'Wafle nadziewane', 'r', 'b', 101, 6, 47, 47),
(12007, 'Wafle w czekoladzie', 'r', 'b', 101, 5, 54, 41),
(12008, 'Sezamki', 'm', 'm', 101, 8, 46, 46),
(12009, 'Babka biszkoptowa', 'r', 'b', 119, 10, 11, 79),
(12010, 'Bułeczki drożdżowe z jabłkami', 'r', 's', 139, 9, 24, 67),
(12011, 'Ciasto drożdżowe', 'm', 's', 135, 10, 25, 65),
(12012, 'Ciasto kruche podstawowe', 'r', 'm', 120, 5, 49, 46),
(12013, 'Ciastka francuskie ze śliwkami', 'r', 's', 122, 5, 55, 40),
(12014, '"Ciastka ""Karpatki"""', 'r', 'b', 124, 4, 61, 35),
(12015, '"Ciastka ""Napoleonki"""', 'r', 'm', 132, 7, 43, 50),
(12016, 'Ciastka tortowe z owocami świeżymi', 'm', 'm', 140, 5, 29, 66),
(12017, 'Eklery z bitą śmietaną', 'r', 'b', 142, 8, 50, 42),
(12018, 'Jagodzianki', 'm', 'm', 126, 9, 15, 76),
(12019, 'Keks bakaliowy', 'r', 'm', 121, 7, 40, 53),
(12020, 'Piernik z bakaliami', 'r', 's', 124, 7, 25, 68),
(12021, 'Placek z kruszonką', 'r', 'm', 125, 8, 27, 65),
(12022, 'Ptysie z bitą śmietaną', 'r', 'm', 143, 6, 64, 30),
(12023, 'Rolada z masą makową', 'r', 's', 128, 11, 41, 48),
(12024, 'Rożki z ciasta francuskiego z jabłkami', 'r', 's', 130, 5, 57, 38),
(12025, 'Sernik bez ciasta', 'r', 's', 131, 15, 45, 40),
(12026, 'Sernik krakowski', 'r', 'm', 134, 17, 36, 47),
(12027, 'Sernik z rodzynkami', 'r', 'm', 132, 17, 36, 47),
(12028, 'Sernik wiedeński z polewą kakaową', 'r', 's', 140, 17, 42, 41),
(12029, 'Tort ananasowy', 'm', 'b', 136, 6, 31, 63),
(12030, 'Herbata, napar bez cukru', 'm', 'b', 199, 100, 0, 0),
(12031, 'Kawa, napar bez cukru', 'm', 'm', 199, 40, 0, 60),
(12032, 'Sok ananasowy', 'r', 'b', 188, 3, 2, 95),
(12033, 'Sok z czarnej porzeczki', 'm', 'b', 186, 2, 2, 96),
(12034, 'Sok cytrynowy', 'r', 'b', 192, 5, 9, 86),
(12035, 'Sok grejpfrutowy', 'm', 'b', 190, 5, 2, 93),
(12036, 'Sok jabłkowy', 'm', 's', 189, 1, 2, 97),
(12037, 'Sok marchwiowy', 'm', 's', 188, 4, 2, 94),
(12038, 'Sok marchwiowo-brzoskwiniowy', 'm', 'b', 187, 5, 2, 93),
(12039, 'Sok marchwiowo-jabłkowy', 'm', 'b', 186, 4, 6, 90),
(12040, 'Sok marchwiowo-jabłkowo-pomarańczowy', 'r', 's', 187, 5, 4, 91),
(12041, 'Sok marchwiowo-pomarańczowy', 'r', 's', 188, 6, 2, 92),
(12042, 'Sok z marchwi, jabłek i owoców tropikalnych', 'm', 'm', 184, 5, 5, 90),
(12043, 'Sok pomarańczowy', 'm', 'b', 189, 6, 2, 92),
(12044, 'Sok pomidorowy', 'm', 'b', 195, 25, 7, 68),
(12045, 'Sok wielowarzywny', 'm', 's', 191, 16, 11, 73),
(12046, 'Coca Cola, Pepsi Cola', 'm', 'b', 189, 0, 0, 100),
(12047, 'Napoje gazowane o smaku owocowym', 'r', 'm', 189, 0, 0, 100),
(12048, 'Lemoniada', 'r', 'b', 194, 0, 0, 100),
(12049, 'Piwo pełne 10-15%', 'r', 's', 191, 4, 0, 32),
(12050, 'Szampan', 'm', 'b', 188, 2, 0, 8),
(12051, 'Wermut słodki', 'm', 'b', 171, 0, 0, 42),
(12052, 'Wino białe półwytrawne', 'r', 's', 186, 0, 0, 19),
(12053, 'Wino białe słodkie', 'm', 'm', 183, 1, 0, 25),
(12054, 'Wino białe wytrawne', 'm', 'm', 190, 1, 0, 4),
(12055, 'Wino czerwone', 'r', 'b', 189, 1, 0, 1),
(12056, 'Wódki', 'm', 'b', 168, 0, 0, 0),
(12057, 'Drożdże piekarskie, prasowane', 'r', 'm', 170, 50, 19, 31),
(12058, 'Chipsy bekonowe', 'r', 's', 100, 4, 63, 33),
(12059, 'Chipsy paprykowe', 'r', 's', 100, 4, 65, 31),
(12060, 'Chipsy solone', 'r', 's', 101, 4, 65, 31),
(12061, '"Przyprawa ""Jarzynka"""', 'm', 'b', 119, 9, 4, 87),
(12062, 'Majonez domowy z olejem rzepakowym', 'r', 'm', 115, 1, 98, 1),
(12063, 'Majonez domowy z olejem słonecznikowym', 'r', 'b', 115, 1, 98, 1),
(12064, 'Musztarda', 'm', 's', 162, 14, 35, 51),
(12065, 'Sól biała', 'm', 's', 100, 0, 0, 0),
(12066, 'Żelatyna', 'm', 'm', 114, 100, 0, 0),
(12067, 'Barszcz czerwony zabielany', 'r', 'm', 192, 25, 38, 37),
(12068, 'Barszcz ukraiński I', 'r', 'm', 189, 22, 15, 63),
(12069, 'Barszcz ukraiński II', 'r', 's', 187, 16, 45, 39),
(12070, 'Barszcz z boćwiną', 'r', 'b', 193, 21, 51, 28),
(12071, 'Kapuśniak z kapusty kwaszonej', 'm', 'm', 194, 26, 49, 25),
(12072, 'Kapuśniak ze słodkiej kapusty', 'm', 's', 193, 9, 60, 31),
(12073, 'Krem z zielonego groszku', 'r', 'm', 186, 20, 53, 27),
(12074, 'Krupnik z kaszy gryczanej', 'r', 's', 189, 16, 25, 59),
(12075, 'Krupnik z kaszy jęczmiennej I', 'r', 'b', 189, 15, 20, 65),
(12076, 'Krupnik z kaszy jęczmiennej II', 'm', 's', 189, 12, 24, 64),
(12077, 'Krupnik z ryżu', 'r', 's', 189, 14, 22, 64),
(12078, 'Zupa cebulowa', 'r', 's', 191, 13, 54, 33),
(12079, 'Zupa cytrynowa z ryżem', 'm', 'm', 187, 10, 33, 57),
(12080, 'Zupa fasolowa', 'r', 'b', 183, 26, 25, 49),
(12081, 'Zupa grochowa', 'r', 'm', 183, 27, 32, 41),
(12082, 'Zupa grzybowa zabielana', 'm', 's', 195, 21, 62, 17),
(12083, 'Zupa jarzynowa', 'r', 'm', 192, 20, 35, 45),
(12084, 'Zupa jarzynowa ze śmietaną', 'm', 'b', 189, 16, 36, 48),
(12085, 'Zupa kalafiorowa I', 'm', 's', 192, 24, 17, 59),
(12086, 'Zupa kalafiorowa II', 'r', 'm', 193, 22, 60, 18),
(12087, 'Zupa ogórkowa', 'r', 'b', 190, 14, 42, 44),
(12088, 'Zupa owocowa z jabłek', 'r', 'm', 189, 1, 2, 97),
(12089, 'Zupa pomidorowa', 'm', 'm', 196, 35, 8, 57),
(12090, 'Zupa pomidorowa z makaronem', 'm', 'b', 192, 18, 46, 36),
(12091, 'Zupa pomidorowa z ryżem', 'r', 's', 192, 16, 43, 41),
(12092, 'Zupa pomidorowa zabielana I', 'r', 'm', 195, 28, 30, 42),
(12093, 'Zupa pomidorowa zabielana II', 'r', 's', 194, 18, 56, 26),
(12094, 'Zupa selerowa', 'r', 's', 191, 17, 43, 40),
(12095, 'Zupa selerowa z grzankami', 'm', 'm', 187, 14, 33, 53),
(12096, 'Zupa szczawiowa', 'm', 'b', 192, 16, 56, 28),
(12097, 'Zupa szpinakowa z ziemniakami', 'r', 'm', 189, 23, 20, 57),
(12098, 'Zupa z fasoli szparagowej', 'r', 's', 187, 21, 12, 67),
(12099, 'Zupa z porów z makaronem', 'm', 'b', 185, 17, 21, 62),
(12100, 'Zupa z zielonego groszku', 'r', 's', 183, 23, 19, 58),
(12101, 'Zupa ziemniaczana', 'r', 'b', 190, 15, 25, 60),
(12102, 'Zupa ziemniaczana ze śmietaną', 'm', 'm', 189, 13, 35, 52),
(12103, 'Żurek', 'm', 'm', 170, 7, 22, 71),
(12104, 'Zupa neapolitańska', 'm', 'm', 186, 14, 36, 50),
(12105, 'Kasza manna na wywarze jarzynowym', 'm', 'm', 195, 10, 33, 57),
(12106, 'Kasza jęczmienna na mleku', 'r', 'b', 186, 17, 31, 52),
(12107, 'Kasza manna na mleku', 'm', 'm', 185, 16, 28, 56),
(12108, 'Kluski lane na mleku', 'm', 'm', 185, 21, 40, 39),
(12109, 'Makaron na mleku', 'm', 'b', 185, 18, 31, 51),
(12110, 'Płatki owsiane na mleku', 'r', 'b', 186, 18, 33, 49),
(12111, 'Ryż na mleku', 'r', 's', 185, 17, 28, 55),
(12112, 'Dorsz w jarzynach', 'r', 'b', 174, 54, 37, 9),
(12113, 'Filety z dorsza po grecku', 'm', 'm', 172, 28, 63, 9),
(12114, 'Filety z dorsza smażone, panierowane', 'r', 'b', 148, 29, 51, 20),
(12115, 'Karp w galarecie (z warzywami)', 'r', 's', 167, 77, 19, 4),
(12116, 'Karp z wody (bez warzyw)', 'r', 'm', 177, 64, 32, 4),
(12117, 'Kotlet mielony z dorsza', 'r', 'm', 154, 23, 61, 16),
(12118, 'Pulpety z dorsza', 'r', 'm', 173, 51, 21, 28),
(12119, 'Dorsz z rusztu', 'm', 'b', 166, 52, 47, 1),
(12120, 'Łosoś smażony saute', 'r', 's', 142, 23, 73, 4),
(12121, 'Łosoś z rusztu', 'r', 's', 155, 30, 69, 1),
(12122, 'Cielęcina w potrawce', 'r', 's', 177, 53, 34, 13),
(12123, 'Klopsiki cielęce mielone', 'm', 'b', 153, 26, 52, 22),
(12124, 'Kotlet cielęcy panierowany', 'r', 'm', 132, 30, 52, 18),
(12125, 'Pieczeń cielęca duszona', 'r', 'b', 165, 43, 54, 3),
(12126, 'Kotlet mielony z kury', 'r', 's', 136, 21, 64, 15),
(12127, 'Kura w galarecie', 'r', 'm', 161, 58, 41, 1),
(12128, 'Kurczak gotowany w jarzynach', 'm', 's', 180, 31, 57, 12),
(12129, 'Kurczęta pieczone', 'm', 'm', 170, 37, 63, 0),
(12130, 'Potrawka z kurczaka', 'r', 'm', 172, 36, 54, 10),
(12131, 'Kotlety z kurczaka smażone saute', 'r', 'b', 159, 34, 61, 5),
(12132, 'Kotlety z kurczaka smażone panierowane', 'r', 'b', 156, 32, 56, 12),
(12133, 'Bitki wieprzowe', 'r', 'b', 170, 22, 73, 5),
(12134, 'Bitki wieprzowe w jarzynach', 'r', 'm', 168, 22, 71, 7),
(12135, 'Galaretka z nóżek wieprzowych', 'r', 's', 166, 34, 65, 1),
(12136, 'Kotlet schabowy panierowany', 'r', 'm', 140, 22, 61, 17),
(12137, 'Wieprzowina pieczona', 'r', 's', 159, 22, 78, 0),
(12138, 'Pieczeń wieprzowa duszona', 'r', 'm', 166, 20, 78, 2),
(12139, 'Rolada wieprzowa', 'm', 'm', 135, 21, 70, 9),
(12140, 'Schab pieczony I', 'm', 'b', 145, 41, 59, 0),
(12141, 'Schab pieczony II', 'm', 'b', 148, 42, 57, 1),
(12142, 'Stek wieprzowy', 'm', 's', 133, 19, 80, 1),
(12143, 'Wątróbka wieprzowa saute', 'm', 's', 157, 35, 57, 8),
(12144, 'Wieprzowina gotowana', 'r', 'm', 142, 25, 73, 2),
(12145, 'Żeberka duszone wieprzowe', 'm', 'b', 170, 15, 81, 4),
(12146, 'Befsztyk bity wiejski', 'r', 'b', 158, 31, 67, 2),
(12147, 'Bitki wołowe', 'm', 'b', 179, 54, 37, 9),
(12148, 'Bitki wołowe w jarzynach', 'm', 's', 173, 50, 34, 16),
(12149, 'Boeuf Strogonow', 'r', 'b', 161, 36, 58, 6),
(12150, 'Bryzol wołowy z polędwicy', 'm', 's', 156, 40, 58, 2),
(12151, 'Gulasz wołowy', 'r', 'm', 173, 39, 55, 6),
(12152, 'Polędwica wołowa pieczona', 'r', 'm', 169, 48, 52, 0),
(12153, 'Pieczeń wołowa duszona', 'm', 'm', 171, 41, 54, 5),
(12154, 'Sztuka mięsa I', 'r', 's', 149, 56, 41, 3),
(12155, 'Sztuka mięsa II', 'm', 'b', 154, 56, 41, 3),
(12156, 'Zrazy wołowe zawijane ze słoniną', 'r', 'm', 174, 34, 58, 8),
(12157, 'Klopsiki mielone z mięsa mieszanego', 'm', 'b', 152, 20, 57, 23),
(12158, 'Kotlet mielony z mięsa mieszanego', 'r', 'b', 153, 19, 65, 16),
(12159, 'Pasztet z mięsa mieszanego', 'r', 'm', 146, 17, 76, 7),
(12160, 'Pieczeń rzymska', 'r', 's', 160, 28, 48, 24),
(12161, 'Pulpety z mięsa mieszanego', 'r', 's', 155, 34, 44, 22),
(12162, 'Medaliony z indyka', 'r', 'b', 158, 31, 64, 5),
(12163, 'Bigos popularny', 'r', 'm', 180, 17, 74, 9),
(12164, 'Fasolka po bretońsku', 'r', 's', 168, 23, 41, 36),
(12165, 'Gołąbki z mięsem i ryżem w sosie pomidorowym', 'm', 'm', 179, 14, 55, 31),
(12166, 'Papryka nadziewana mięsem i ryżem', 'r', 'm', 170, 11, 59, 30),
(12167, 'Risotto z mięsem i warzywami', 'r', 's', 164, 14, 48, 38),
(12168, 'Mizeria ze śmietaną', 'm', 'b', 193, 12, 59, 29),
(12169, 'Sałata zielona z pomidorem, ogórkiem i olejem', 'r', 'b', 190, 7, 74, 19),
(12170, 'Sałata zielona z olejem', 'r', 'm', 184, 4, 92, 4),
(12171, 'Sałata zielona ze śmietaną', 'r', 's', 191, 14, 50, 36),
(12172, 'Surówka z cykorii i jabłek', 'r', 'b', 178, 2, 90, 8),
(12173, 'Surówka z kapusty białej', 'r', 's', 185, 10, 62, 28),
(12174, 'Surówka z kapusty kwaszonej', 'r', 's', 185, 5, 61, 34),
(12175, 'Surówka z marchwi', 'r', 's', 188, 10, 43, 47),
(12176, 'Surówka z marchwi i jabłek', 'r', 'b', 181, 7, 5, 88),
(12177, 'Surówka z ogórków i pomidorów', 'm', 's', 193, 14, 49, 37),
(12178, 'Surówka z owoców', 'm', 's', 173, 2, 3, 95),
(12179, 'Surówka z owoców i warzyw', 'r', 'm', 179, 3, 86, 11),
(12180, 'Surówka z papryki', 'r', 'm', 184, 4, 73, 23),
(12181, 'Surówka z pomidorów', 'm', 'b', 195, 24, 13, 63),
(12182, 'Surówka z porów z jabłkami', 'm', 'b', 177, 5, 79, 16),
(12183, 'Surówka z rzodkiewki', 'm', 's', 182, 33, 56, 11),
(12184, 'Surówka z selerów', 'm', 's', 181, 5, 72, 23),
(12185, 'Surówka z selerów, jabłek i marchwi', 'm', 's', 181, 6, 6, 88),
(12186, 'Surówka z kapusty pekińskiej, jabłek, papryki z olejem', 'm', 's', 188, 8, 64, 28),
(12187, 'Surówka z kapusty pekińskiej z majonezem', 'r', 'b', 183, 7, 77, 16),
(12188, 'Surówka wielowarzywna z jogurtem naturalnym', 'm', 'b', 190, 20, 15, 65),
(12189, 'Brukselka z wody', 'r', 'b', 175, 16, 57, 27),
(12190, 'Buraki', 'm', 's', 184, 9, 44, 47),
(12191, 'Buraki z jabłkami', 'r', 's', 184, 9, 42, 49),
(12192, 'Buraki zasmażane', 'r', 's', 183, 8, 58, 34),
(12193, 'Buraki ze śmietaną', 'm', 'm', 185, 11, 47, 42),
(12194, 'Ćwikła', 'm', 'm', 187, 16, 2, 82),
(12195, 'Dynia z pomidorami', 'm', 'm', 189, 11, 48, 41),
(12196, 'Fasolka szparagowa', 'm', 'm', 179, 12, 63, 25),
(12197, 'Groszek zielony z masłem', 'm', 'm', 179, 15, 60, 25),
(12198, 'Kalafior z wody', 'm', 'b', 185, 10, 72, 18),
(12199, 'Kapusta biała zasmażana', 'r', 's', 185, 9, 60, 31),
(12200, 'Marchewka z groszkiem I', 'r', 'b', 183, 11, 42, 47),
(12201, 'Marchewka z groszkiem II', 'm', 's', 182, 9, 59, 32),
(12202, 'Marchewka zasmażana', 'r', 'b', 185, 6, 62, 32),
(12203, 'Sałatka jarzynowa', 'm', 's', 168, 6, 76, 18),
(12204, 'Sałatka z groszku zielonego', 'm', 's', 171, 10, 73, 17),
(12205, 'Sałatka z czerwonej kapusty', 'm', 'b', 184, 7, 69, 24),
(12206, 'Szpinak zasmażany', 'r', 's', 182, 18, 66, 16),
(12207, 'Sałatka jarzynowa z majonezem i jogurtem naturalnym', 'm', 's', 176, 11, 57, 32),
(12208, 'Pieczarki smażone', 'm', 'm', 167, 6, 92, 2),
(12211, 'Kasza gryczana na sypko z masłem roślinnym', 'r', 's', 167, 14, 15, 71),
(12212, 'Kasza gryczana na sypko ze smalcem', 'r', 'm', 166, 14, 19, 67),
(12213, 'Kasza perłowa na sypko z masłem roślinnym', 'm', 'm', 171, 8, 15, 77),
(12214, 'Kasza perłowa na sypko ze smalcem', 'm', 's', 171, 7, 19, 74),
(12215, 'Kluski kładzione', 'r', 'm', 159, 13, 7, 80),
(12216, 'Kluski lane', 'r', 'b', 178, 18, 19, 63),
(12217, 'Knedle ze śliwkami', 'r', 'b', 165, 7, 32, 61),
(12218, 'Kopytka', 'm', 'm', 162, 11, 4, 85),
(12219, 'Kopytka z masłem', 'm', 's', 162, 10, 9, 81),
(12221, 'Leniwe pierogi z sera i ziemniaków', 'r', 'b', 156, 24, 40, 36),
(12222, 'Leniwe pierogi z sera', 'r', 'm', 155, 24, 51, 25),
(12223, 'Makaron z masłem', 'r', 'b', 170, 12, 13, 75),
(12224, 'Makaron', 'm', 'b', 173, 13, 6, 81),
(12225, 'Makaron z serem', 'r', 'b', 170, 18, 33, 49),
(12226, 'Naleśniki z kapustą', 'm', 'b', 171, 9, 55, 36),
(12227, 'Naleśniki z serem', 'r', 'b', 151, 17, 38, 45),
(12228, 'Pierogi ruskie', 'r', 'b', 163, 14, 26, 60),
(12229, 'Pierogi z mięsem I', 'r', 'b', 168, 20, 25, 55),
(12230, 'Pierogi z mięsem II', 'r', 's', 158, 22, 47, 31),
(12231, 'Pierogi z serem I', 'r', 's', 150, 19, 31, 50),
(12232, 'Pierogi z serem II', 'm', 's', 151, 19, 37, 44),
(12233, 'Pierogi z truskawkami', 'r', 's', 152, 6, 42, 52),
(12234, 'Risotto z mięsem', 'm', 's', 156, 13, 46, 41),
(12235, 'Ryż na sypko z masłem roślinnym', 'm', 's', 167, 7, 10, 83),
(12236, 'Ryż na sypko ze smalcem', 'm', 'm', 170, 7, 14, 79),
(12237, 'Ryż z jabłkami', 'm', 'b', 163, 5, 12, 83),
(12238, 'Ziemniaki puree', 'm', 'm', 177, 10, 14, 76),
(12239, 'Ziemniaki z tłuszczem', 'r', 's', 175, 8, 26, 66),
(12240, 'Pyzy', 'r', 's', 150, 7, 26, 67),
(12241, 'Pyzy z mięsem', 'r', 'b', 140, 11, 42, 47),
(12242, 'Placki ziemniaczane', 'r', 's', 157, 6, 56, 38),
(12243, 'Makaron zapiekany z kapustą słodką', 'm', 's', 169, 11, 33, 56),
(12244, 'Kluski śląskie', 'm', 'm', 160, 6, 20, 74),
(12245, 'Kotlety ziemniaczane', 'm', 's', 152, 7, 47, 46),
(12246, 'Łazanki z kapustą', 'm', 's', 170, 10, 42, 48),
(12247, 'Ciasto naleśnikowe biszkoptowe', 'm', 'b', 159, 18, 28, 54),
(12248, 'Ciasto naleśnikowe bez piany', 'm', 'm', 160, 14, 22, 64),
(12249, 'Jaja sadzone', 'm', 'm', 174, 24, 75, 1),
(12250, 'Jajecznica', 'r', 'b', 180, 33, 65, 2),
(12251, 'Kotlety z jaj', 'r', 'm', 157, 12, 73, 15),
(12252, 'Omlet biszkoptowy ze szpinakiem', 'r', 'm', 173, 17, 63, 20),
(12253, 'Jaja gotowane', 'm', 'm', 181, 36, 62, 2),
(12254, 'Buchty drożdzowe', 'm', 's', 136, 8, 32, 60),
(12255, 'Gruszki w sosie waniliowym', 'r', 's', 162, 4, 6, 90),
(12256, 'Jabłko pieczone', 'r', 'm', 177, 1, 15, 84),
(12257, 'Jabłka w kruchym cieście', 'r', 's', 132, 5, 44, 51),
(12258, 'Kisiel porzeczkowy', 'm', 'b', 173, 1, 1, 98),
(12259, 'Kisiel waniliowy', 'm', 'm', 175, 11, 33, 56),
(12260, 'Kompot z jabłek', 'r', 'm', 186, 1, 2, 97),
(12261, 'Kompot z wiśni', 'r', 'b', 182, 1, 1, 98),
(12262, 'Lody waniliowe', 'r', 'b', 167, 8, 10, 82),
(12263, 'Mus jabłkowy', 'm', 'm', 168, 7, 4, 89),
(12264, 'Napój mleczny z truskawkami', 'm', 'b', 172, 4, 6, 90),
(12265, 'Rolada biszkoptowa z dżemem', 'm', 'm', 130, 9, 16, 75),
(12266, 'Truskawki w galaretce', 'r', 'b', 167, 49, 2, 49),
(12267, 'Truskawki z bitą śmietaną', 'm', 'b', 179, 4, 72, 24),
(12268, 'Befsztyk tatarski', 'r', 'm', 164, 38, 56, 6),
(12269, 'Pasta z jaj', 'r', 's', 172, 15, 83, 2),
(12270, 'Pasta z jaj i ryby wędzonej', 'm', 'b', 161, 21, 78, 1),
(12271, 'Pasta z twarogu i ryby wędzonej', 'm', 's', 158, 23, 74, 3),
(12272, 'Spaghetti po Bolońsku', 'm', 'm', 250, 55, 25, 20);

-- --------------------------------------------------------

--
-- Struktura tabeli dla tabeli `shadow`
--

CREATE TABLE `shadow` (
  `UserID` int(4) NOT NULL,
  `login` varchar(32) COLLATE utf8_unicode_ci NOT NULL,
  `encryptedPass` char(32) COLLATE utf8_unicode_ci NOT NULL
) ENGINE=InnoDB DEFAULT CHARSET=utf8 COLLATE=utf8_unicode_ci;

--
-- Zrzut danych tabeli `shadow`
--

INSERT INTO `shadow` (`UserID`, `login`, `encryptedPass`) VALUES
(12, 'loginek', '207023ccb44feb4d7dadca05ce29a64'),
(13, 'plawnicz', '3ba2376495ca3e2bdcf6e22dcbbb0e5'),
(16, 'a', 'cc175b9c0f1b6a831c399e269772661'),
(17, 'maciek', 'c37d92bd113c608f296fa65cd76e1d'),
(18, 'aa', '4124bca9335c27f86f24ba207a4912'),
(19, 'testuser', '576aa4c2e8948b2a10d21617d3a84085'),
(20, 'user', '1a1dc91c907325c69271ddf0c944bc72'),
(21, 'aluska', 'e88e6128e26eeff4daf1f5db7372784'),
(23, 'maciek1', 'cc175b9c0f1b6a831c399e269772661'),
(24, 'maciek2', 'daead8abd44e76d2ef61330f425178');

-- --------------------------------------------------------

--
-- Struktura tabeli dla tabeli `user`
--

CREATE TABLE `user` (
  `ID` int(4) NOT NULL,
  `name` varchar(25) COLLATE utf8_unicode_ci NOT NULL,
  `surname` varchar(35) COLLATE utf8_unicode_ci NOT NULL,
  `dateOfBirth` date NOT NULL,
  `sex` char(1) COLLATE utf8_unicode_ci NOT NULL COMMENT 'One char:\r\n''m'' for male\r\n''f'' for female\r\nany other char means undefined\r\n ',
  `height` int(3) NOT NULL,
  `startWeight` float NOT NULL,
  `actualWeight` float DEFAULT NULL,
  `goalWeight` float NOT NULL,
  `fatPercentage` int(2) DEFAULT NULL,
  `userObjective` char(1) COLLATE utf8_unicode_ci DEFAULT NULL COMMENT 'One char:\r\n''m'' stands for mass gain\r\n''r'' stands for reduction\r\n ',
  `lifeStyle` int(1) DEFAULT '0' COMMENT 'from 1 (lazy) to 5 (hard-working)',
  `somatotype` int(1) DEFAULT NULL COMMENT 'from 1 (ectomorphic) to 3 (endomorphic)'
) ENGINE=InnoDB DEFAULT CHARSET=utf8 COLLATE=utf8_unicode_ci;

--
-- Zrzut danych tabeli `user`
--

INSERT INTO `user` (`ID`, `name`, `surname`, `dateOfBirth`, `sex`, `height`, `startWeight`, `actualWeight`, `goalWeight`, `fatPercentage`, `userObjective`, `lifeStyle`, `somatotype`) VALUES
(11, 'fsdfds', 'fdsfds', '2016-10-10', 'm', 122, 22, 22, 22, 11, 'm', 1, 2),
(12, 'Marek', 'Kondrat', '1994-03-12', 'm', 170, 60, 0, 70, 11, 'r', 2, 2),
(13, 'Piotr', 'Ławniczak', '1994-02-22', 'm', 174, 70, 70.2, 75, 5, 'm', 3, 2),
(16, 'Artur', 'Jędrzejczyk', '2000-11-11', 'm', 157, 70, 60.8, 50, 16, 'r', 4, 3),
(17, 'Maciek', 'Ławniczak', '1996-04-24', 'm', 180, 77, 77.8, 100, 5, 'm', 4, 2),
(18, 'Jacek', 'Nowodworski', '1999-12-21', 'm', 152, 55, 57.4, 55, 40, 'm', 2, 3),
(19, 'Andrzej', 'Kowalski', '1980-02-22', 'm', 199, 99, 99.7, 120, 19, 'm', 2, 3),
(20, 'Józek', 'Jakiś', '1996-12-15', 'm', 170, 79, 79, 100, 3, 'm', 4, 3),
(21, 'Alicja', 'Szablewska', '1990-11-22', 'f', 166, 64.5, 64.5, 50, 14, 'r', 4, 2),
(23, 'aaaaaaaa', 'n', '1111-11-11', 'm', 456, 4, 4, 64, 2, 'r', 1, 1),
(24, 'Maciek', 'Maćkowski', '1992-12-13', 'm', 200, 123, 123, 123, 30, 'm', 3, 1);

-- --------------------------------------------------------

--
-- Struktura tabeli dla tabeli `workout`
--

CREATE TABLE `workout` (
  `ID` int(4) NOT NULL,
  `UserID` int(4) NOT NULL,
  `name` varchar(30) COLLATE utf8_unicode_ci NOT NULL,
  `validFrom` date NOT NULL,
  `validTo` date NOT NULL,
  `objective` char(1) COLLATE utf8_unicode_ci DEFAULT NULL
) ENGINE=InnoDB DEFAULT CHARSET=utf8 COLLATE=utf8_unicode_ci;

--
-- Zrzut danych tabeli `workout`
--

INSERT INTO `workout` (`ID`, `UserID`, `name`, `validFrom`, `validTo`, `objective`) VALUES
(20, 18, 'testDat', '2016-11-03', '2016-12-29', 'm'),
(21, 16, 'Mój treining', '2016-11-03', '2016-11-17', 'r'),
(22, 24, 'workout 1', '2016-11-07', '2017-01-02', 'm');

-- --------------------------------------------------------

--
-- Struktura tabeli dla tabeli `workoutday`
--

CREATE TABLE `workoutday` (
  `ID` int(4) NOT NULL,
  `WorkoutID` int(4) NOT NULL,
  `Date` date DEFAULT NULL
) ENGINE=InnoDB DEFAULT CHARSET=utf8 COLLATE=utf8_unicode_ci;

--
-- Zrzut danych tabeli `workoutday`
--

INSERT INTO `workoutday` (`ID`, `WorkoutID`, `Date`) VALUES
(129, 20, '2016-12-08'),
(130, 20, '2016-11-19'),
(131, 20, '2016-11-16'),
(132, 20, '2016-12-15'),
(133, 20, '2016-12-17'),
(134, 20, '2016-11-03'),
(135, 20, '2016-11-23'),
(136, 20, '2016-12-24'),
(137, 20, '2016-12-14'),
(138, 20, '2016-11-05'),
(139, 20, '2016-11-10'),
(140, 20, '2016-11-14'),
(141, 20, '2016-12-12'),
(142, 20, '2016-11-12'),
(143, 20, '2016-12-07'),
(144, 20, '2016-11-28'),
(145, 20, '2016-12-21'),
(146, 20, '2016-12-03'),
(147, 20, '2016-12-26'),
(148, 20, '2016-12-19'),
(149, 20, '2016-12-28'),
(150, 20, '2016-11-09'),
(151, 20, '2016-11-17'),
(152, 20, '2016-11-30'),
(153, 20, '2016-12-10'),
(154, 20, '2016-12-05'),
(155, 20, '2016-11-24'),
(156, 20, '2016-11-07'),
(157, 20, '2016-12-22'),
(158, 20, '2016-11-26'),
(159, 20, '2016-12-01'),
(160, 20, '2016-11-21'),
(161, 21, '2016-11-14'),
(162, 21, '2016-11-03'),
(163, 21, '2016-11-10'),
(164, 21, '2016-11-07'),
(165, 22, '2016-12-14'),
(166, 22, '2016-11-07'),
(167, 22, '2016-12-21'),
(168, 22, '2016-12-03'),
(169, 22, '2016-12-28'),
(170, 22, '2016-12-12'),
(171, 22, '2016-11-30'),
(172, 22, '2016-12-10'),
(173, 22, '2016-11-28'),
(174, 22, '2016-11-23'),
(175, 22, '2016-12-07'),
(176, 22, '2016-11-12'),
(177, 22, '2016-11-09'),
(178, 22, '2016-11-19'),
(179, 22, '2016-11-26'),
(180, 22, '2016-11-21'),
(181, 22, '2016-12-24'),
(182, 22, '2016-12-31'),
(183, 22, '2016-12-05'),
(184, 22, '2016-11-14'),
(185, 22, '2016-11-16'),
(186, 22, '2016-12-17'),
(187, 22, '2016-12-19'),
(188, 22, '2016-12-26');

-- --------------------------------------------------------

--
-- Struktura tabeli dla tabeli `workoutday_exercise`
--

CREATE TABLE `workoutday_exercise` (
  `WorkoutDayID` int(4) NOT NULL,
  `ExerciseID` int(4) NOT NULL
) ENGINE=InnoDB DEFAULT CHARSET=utf8 COLLATE=utf8_unicode_ci;

--
-- Zrzut danych tabeli `workoutday_exercise`
--

INSERT INTO `workoutday_exercise` (`WorkoutDayID`, `ExerciseID`) VALUES
(129, 1),
(129, 4),
(129, 7),
(129, 10),
(129, 12),
(129, 13),
(129, 14),
(129, 18),
(130, 1),
(130, 4),
(130, 7),
(130, 10),
(130, 12),
(130, 13),
(130, 14),
(130, 18),
(131, 1),
(131, 4),
(131, 7),
(131, 10),
(131, 12),
(131, 13),
(131, 14),
(131, 18),
(132, 1),
(132, 4),
(132, 7),
(132, 10),
(132, 12),
(132, 13),
(132, 14),
(132, 18),
(133, 1),
(133, 4),
(133, 7),
(133, 10),
(133, 12),
(133, 13),
(133, 14),
(133, 18),
(134, 1),
(134, 4),
(134, 7),
(134, 10),
(134, 12),
(134, 13),
(134, 14),
(134, 18),
(135, 1),
(135, 4),
(135, 7),
(135, 10),
(135, 12),
(135, 13),
(135, 14),
(135, 18),
(136, 1),
(136, 4),
(136, 7),
(136, 10),
(136, 12),
(136, 13),
(136, 14),
(136, 18),
(137, 1),
(137, 4),
(137, 7),
(137, 10),
(137, 12),
(137, 13),
(137, 14),
(137, 18),
(138, 1),
(138, 4),
(138, 7),
(138, 10),
(138, 12),
(138, 13),
(138, 14),
(138, 18),
(139, 1),
(139, 4),
(139, 7),
(139, 10),
(139, 12),
(139, 13),
(139, 14),
(139, 18),
(140, 1),
(140, 4),
(140, 7),
(140, 10),
(140, 12),
(140, 13),
(140, 14),
(140, 18),
(141, 1),
(141, 4),
(141, 7),
(141, 10),
(141, 12),
(141, 13),
(141, 14),
(141, 18),
(142, 1),
(142, 4),
(142, 7),
(142, 10),
(142, 12),
(142, 13),
(142, 14),
(142, 18),
(143, 1),
(143, 4),
(143, 7),
(143, 10),
(143, 12),
(143, 13),
(143, 14),
(143, 18),
(144, 1),
(144, 4),
(144, 7),
(144, 10),
(144, 12),
(144, 13),
(144, 14),
(144, 18),
(145, 1),
(145, 4),
(145, 7),
(145, 10),
(145, 12),
(145, 13),
(145, 14),
(145, 18),
(146, 1),
(146, 4),
(146, 7),
(146, 10),
(146, 12),
(146, 13),
(146, 14),
(146, 18),
(147, 1),
(147, 4),
(147, 7),
(147, 10),
(147, 12),
(147, 13),
(147, 14),
(147, 18),
(148, 1),
(148, 4),
(148, 7),
(148, 10),
(148, 12),
(148, 13),
(148, 14),
(148, 18),
(149, 1),
(149, 4),
(149, 7),
(149, 10),
(149, 12),
(149, 13),
(149, 14),
(149, 18),
(150, 1),
(150, 4),
(150, 7),
(150, 10),
(150, 12),
(150, 13),
(150, 14),
(150, 18),
(151, 1),
(151, 4),
(151, 7),
(151, 10),
(151, 12),
(151, 13),
(151, 14),
(151, 18),
(152, 1),
(152, 4),
(152, 7),
(152, 10),
(152, 12),
(152, 13),
(152, 14),
(152, 18),
(153, 1),
(153, 4),
(153, 7),
(153, 10),
(153, 12),
(153, 13),
(153, 14),
(153, 18),
(154, 1),
(154, 4),
(154, 7),
(154, 10),
(154, 12),
(154, 13),
(154, 14),
(154, 18),
(155, 1),
(155, 4),
(155, 7),
(155, 10),
(155, 12),
(155, 13),
(155, 14),
(155, 18),
(156, 1),
(156, 4),
(156, 7),
(156, 10),
(156, 12),
(156, 13),
(156, 14),
(156, 18),
(157, 1),
(157, 4),
(157, 7),
(157, 10),
(157, 12),
(157, 13),
(157, 14),
(157, 18),
(158, 1),
(158, 4),
(158, 7),
(158, 10),
(158, 12),
(158, 13),
(158, 14),
(158, 18),
(159, 1),
(159, 4),
(159, 7),
(159, 10),
(159, 12),
(159, 13),
(159, 14),
(159, 18),
(160, 1),
(160, 4),
(160, 7),
(160, 10),
(160, 12),
(160, 13),
(160, 14),
(160, 18),
(161, 2),
(161, 3),
(161, 4),
(161, 9),
(161, 11),
(161, 12),
(161, 15),
(161, 16),
(161, 18),
(161, 19),
(162, 2),
(162, 3),
(162, 4),
(162, 9),
(162, 11),
(162, 12),
(162, 15),
(162, 16),
(162, 18),
(162, 19),
(163, 2),
(163, 3),
(163, 4),
(163, 9),
(163, 11),
(163, 12),
(163, 15),
(163, 16),
(163, 18),
(163, 19),
(164, 2),
(164, 3),
(164, 4),
(164, 9),
(164, 11),
(164, 12),
(164, 15),
(164, 16),
(164, 18),
(164, 19),
(165, 1),
(165, 4),
(165, 7),
(165, 10),
(165, 12),
(165, 13),
(165, 14),
(165, 18),
(166, 1),
(166, 4),
(166, 7),
(166, 10),
(166, 12),
(166, 13),
(166, 14),
(166, 18),
(167, 1),
(167, 4),
(167, 7),
(167, 10),
(167, 12),
(167, 13),
(167, 14),
(167, 18),
(168, 1),
(168, 4),
(168, 7),
(168, 10),
(168, 12),
(168, 13),
(168, 14),
(168, 18),
(169, 1),
(169, 4),
(169, 7),
(169, 10),
(169, 12),
(169, 13),
(169, 14),
(169, 18),
(170, 1),
(170, 4),
(170, 7),
(170, 10),
(170, 12),
(170, 13),
(170, 14),
(170, 18),
(171, 1),
(171, 4),
(171, 7),
(171, 10),
(171, 12),
(171, 13),
(171, 14),
(171, 18),
(172, 1),
(172, 4),
(172, 7),
(172, 10),
(172, 12),
(172, 13),
(172, 14),
(172, 18),
(173, 1),
(173, 4),
(173, 7),
(173, 10),
(173, 12),
(173, 13),
(173, 14),
(173, 18),
(174, 1),
(174, 4),
(174, 7),
(174, 10),
(174, 12),
(174, 13),
(174, 14),
(174, 18),
(175, 1),
(175, 4),
(175, 7),
(175, 10),
(175, 12),
(175, 13),
(175, 14),
(175, 18),
(176, 1),
(176, 4),
(176, 7),
(176, 10),
(176, 12),
(176, 13),
(176, 14),
(176, 18),
(177, 1),
(177, 4),
(177, 7),
(177, 10),
(177, 12),
(177, 13),
(177, 14),
(177, 18),
(178, 1),
(178, 4),
(178, 7),
(178, 10),
(178, 12),
(178, 13),
(178, 14),
(178, 18),
(179, 1),
(179, 4),
(179, 7),
(179, 10),
(179, 12),
(179, 13),
(179, 14),
(179, 18),
(180, 1),
(180, 4),
(180, 7),
(180, 10),
(180, 12),
(180, 13),
(180, 14),
(180, 18),
(181, 1),
(181, 4),
(181, 7),
(181, 10),
(181, 12),
(181, 13),
(181, 14),
(181, 18),
(182, 1),
(182, 4),
(182, 7),
(182, 10),
(182, 12),
(182, 13),
(182, 14),
(182, 18),
(183, 1),
(183, 4),
(183, 7),
(183, 10),
(183, 12),
(183, 13),
(183, 14),
(183, 18),
(184, 1),
(184, 4),
(184, 7),
(184, 10),
(184, 12),
(184, 13),
(184, 14),
(184, 18),
(185, 1),
(185, 4),
(185, 7),
(185, 10),
(185, 12),
(185, 13),
(185, 14),
(185, 18),
(186, 1),
(186, 4),
(186, 7),
(186, 10),
(186, 12),
(186, 13),
(186, 14),
(186, 18),
(187, 1),
(187, 4),
(187, 7),
(187, 10),
(187, 12),
(187, 13),
(187, 14),
(187, 18),
(188, 1),
(188, 4),
(188, 7),
(188, 10),
(188, 12),
(188, 13),
(188, 14),
(188, 18);

--
-- Indeksy dla zrzutów tabel
--

--
-- Indexes for table `diet`
--
ALTER TABLE `diet`
  ADD PRIMARY KEY (`ID`),
  ADD KEY `FKDiet387251` (`UserID`);

--
-- Indexes for table `diet_meal`
--
ALTER TABLE `diet_meal`
  ADD PRIMARY KEY (`DietID`,`MealID`),
  ADD KEY `FKDiet_Meal348419` (`DietID`),
  ADD KEY `FKDiet_Meal454239` (`MealID`);

--
-- Indexes for table `exercise`
--
ALTER TABLE `exercise`
  ADD PRIMARY KEY (`ID`);

--
-- Indexes for table `meal`
--
ALTER TABLE `meal`
  ADD PRIMARY KEY (`ID`),
  ADD KEY `type` (`type`);

--
-- Indexes for table `shadow`
--
ALTER TABLE `shadow`
  ADD PRIMARY KEY (`UserID`),
  ADD UNIQUE KEY `login` (`login`),
  ADD KEY `FKShadow740385` (`UserID`);

--
-- Indexes for table `user`
--
ALTER TABLE `user`
  ADD PRIMARY KEY (`ID`),
  ADD UNIQUE KEY `ID` (`ID`);

--
-- Indexes for table `workout`
--
ALTER TABLE `workout`
  ADD PRIMARY KEY (`ID`),
  ADD KEY `FKWorkout310121` (`UserID`);

--
-- Indexes for table `workoutday`
--
ALTER TABLE `workoutday`
  ADD PRIMARY KEY (`ID`),
  ADD KEY `FKWorkoutDay651768` (`WorkoutID`);

--
-- Indexes for table `workoutday_exercise`
--
ALTER TABLE `workoutday_exercise`
  ADD PRIMARY KEY (`WorkoutDayID`,`ExerciseID`),
  ADD KEY `FKWorkoutDay864809` (`WorkoutDayID`),
  ADD KEY `FKWorkoutDay837449` (`ExerciseID`);

--
-- AUTO_INCREMENT for dumped tables
--

--
-- AUTO_INCREMENT dla tabeli `diet`
--
ALTER TABLE `diet`
  MODIFY `ID` int(4) NOT NULL AUTO_INCREMENT, AUTO_INCREMENT=100;
--
-- AUTO_INCREMENT dla tabeli `exercise`
--
ALTER TABLE `exercise`
  MODIFY `ID` int(4) NOT NULL AUTO_INCREMENT, AUTO_INCREMENT=20;
--
-- AUTO_INCREMENT dla tabeli `meal`
--
ALTER TABLE `meal`
  MODIFY `ID` int(4) NOT NULL AUTO_INCREMENT, AUTO_INCREMENT=12273;
--
-- AUTO_INCREMENT dla tabeli `user`
--
ALTER TABLE `user`
  MODIFY `ID` int(4) NOT NULL AUTO_INCREMENT, AUTO_INCREMENT=25;
--
-- AUTO_INCREMENT dla tabeli `workout`
--
ALTER TABLE `workout`
  MODIFY `ID` int(4) NOT NULL AUTO_INCREMENT, AUTO_INCREMENT=23;
--
-- AUTO_INCREMENT dla tabeli `workoutday`
--
ALTER TABLE `workoutday`
  MODIFY `ID` int(4) NOT NULL AUTO_INCREMENT, AUTO_INCREMENT=189;
--
-- Ograniczenia dla zrzutów tabel
--

--
-- Ograniczenia dla tabeli `diet`
--
ALTER TABLE `diet`
  ADD CONSTRAINT `FK4mimjx67bucdd3gfs6jm3siy8` FOREIGN KEY (`UserID`) REFERENCES `user` (`ID`),
  ADD CONSTRAINT `FKDiet387251` FOREIGN KEY (`UserID`) REFERENCES `user` (`ID`);

--
-- Ograniczenia dla tabeli `diet_meal`
--
ALTER TABLE `diet_meal`
  ADD CONSTRAINT `FKDiet_Meal348419` FOREIGN KEY (`DietID`) REFERENCES `diet` (`ID`),
  ADD CONSTRAINT `FKDiet_Meal454239` FOREIGN KEY (`MealID`) REFERENCES `meal` (`ID`),
  ADD CONSTRAINT `FKhbr55pj60kv4f5touhrd1u4wu` FOREIGN KEY (`DietID`) REFERENCES `diet` (`ID`),
  ADD CONSTRAINT `FKr9to15ui8nfc58p84s8gg8a97` FOREIGN KEY (`MealID`) REFERENCES `meal` (`ID`);

--
-- Ograniczenia dla tabeli `shadow`
--
ALTER TABLE `shadow`
  ADD CONSTRAINT `FKko41wimrffbdc6872lnh2utlm` FOREIGN KEY (`UserID`) REFERENCES `user` (`ID`);

--
-- Ograniczenia dla tabeli `workout`
--
ALTER TABLE `workout`
  ADD CONSTRAINT `FKWorkout310121` FOREIGN KEY (`UserID`) REFERENCES `user` (`ID`);

--
-- Ograniczenia dla tabeli `workoutday`
--
ALTER TABLE `workoutday`
  ADD CONSTRAINT `FKWorkoutDay651768` FOREIGN KEY (`WorkoutID`) REFERENCES `workout` (`ID`);

--
-- Ograniczenia dla tabeli `workoutday_exercise`
--
ALTER TABLE `workoutday_exercise`
  ADD CONSTRAINT `FKWorkoutDay837449` FOREIGN KEY (`ExerciseID`) REFERENCES `exercise` (`ID`),
  ADD CONSTRAINT `FKWorkoutDay864809` FOREIGN KEY (`WorkoutDayID`) REFERENCES `workoutday` (`ID`);

/*!40101 SET CHARACTER_SET_CLIENT=@OLD_CHARACTER_SET_CLIENT */;
/*!40101 SET CHARACTER_SET_RESULTS=@OLD_CHARACTER_SET_RESULTS */;
/*!40101 SET COLLATION_CONNECTION=@OLD_COLLATION_CONNECTION */;
